"region","name","initial","min","max","integer","include","key"
NA,"alpha_admission",0.0829740482054681,0,1,FALSE,TRUE,"alpha_admission
NA"
NA,"alpha_D",0.528556525361461,0,1,FALSE,TRUE,"alpha_D
NA"
NA,"alpha_death_hosp",0.0389638501161002,0,1,FALSE,TRUE,"alpha_death_hosp
NA"
NA,"alpha_H",0.0589366814327966,0,1,FALSE,TRUE,"alpha_H
NA"
"east_of_england","beta1",0.102796168981303,0,1,FALSE,TRUE,"beta1
east_of_england"
"london","beta1",0.0754175520952823,0,1,FALSE,TRUE,"beta1
london"
"midlands","beta1",0.0951846566242839,0,1,FALSE,TRUE,"beta1
midlands"
"north_east_and_yorkshire","beta1",0.125234960345765,0,1,FALSE,TRUE,"beta1
north_east_and_yorkshire"
"north_west","beta1",0.0946282207977424,0,1,FALSE,TRUE,"beta1
north_west"
"south_east","beta1",0.0807852301986376,0,1,FALSE,TRUE,"beta1
south_east"
"south_west","beta1",0.0870444460434925,0,1,FALSE,TRUE,"beta1
south_west"
"east_of_england","beta10",0.0495499238480121,0,1,FALSE,TRUE,"beta10
east_of_england"
"london","beta10",0.051991322559034,0,1,FALSE,TRUE,"beta10
london"
"midlands","beta10",0.0527553008634149,0,1,FALSE,TRUE,"beta10
midlands"
"north_east_and_yorkshire","beta10",0.0448961849203857,0,1,FALSE,TRUE,"beta10
north_east_and_yorkshire"
"north_west","beta10",0.0462039728756722,0,1,FALSE,TRUE,"beta10
north_west"
"south_east","beta10",0.0533957214688157,0,1,FALSE,TRUE,"beta10
south_east"
"south_west","beta10",0.0510474106827148,0,1,FALSE,TRUE,"beta10
south_west"
"east_of_england","beta11",0.0427426796081878,0,1,FALSE,TRUE,"beta11
east_of_england"
"london","beta11",0.0439390579057599,0,1,FALSE,TRUE,"beta11
london"
"midlands","beta11",0.0429756138705534,0,1,FALSE,TRUE,"beta11
midlands"
"north_east_and_yorkshire","beta11",0.0466280866536081,0,1,FALSE,TRUE,"beta11
north_east_and_yorkshire"
"north_west","beta11",0.0409871671177247,0,1,FALSE,TRUE,"beta11
north_west"
"south_east","beta11",0.0414776359474307,0,1,FALSE,TRUE,"beta11
south_east"
"south_west","beta11",0.0442060322633419,0,1,FALSE,TRUE,"beta11
south_west"
"east_of_england","beta12",0.0372041659866928,0,1,FALSE,TRUE,"beta12
east_of_england"
"london","beta12",0.0410762895240153,0,1,FALSE,TRUE,"beta12
london"
"midlands","beta12",0.0379597064611778,0,1,FALSE,TRUE,"beta12
midlands"
"north_east_and_yorkshire","beta12",0.0362929726887294,0,1,FALSE,TRUE,"beta12
north_east_and_yorkshire"
"north_west","beta12",0.0338709079514462,0,1,FALSE,TRUE,"beta12
north_west"
"south_east","beta12",0.0364204726765178,0,1,FALSE,TRUE,"beta12
south_east"
"south_west","beta12",0.0345420041775185,0,1,FALSE,TRUE,"beta12
south_west"
"east_of_england","beta13",0.0386679065890964,0,1,FALSE,TRUE,"beta13
east_of_england"
"london","beta13",0.0420207111597935,0,1,FALSE,TRUE,"beta13
london"
"midlands","beta13",0.037762400934105,0,1,FALSE,TRUE,"beta13
midlands"
"north_east_and_yorkshire","beta13",0.0369149696904952,0,1,FALSE,TRUE,"beta13
north_east_and_yorkshire"
"north_west","beta13",0.0451147712031385,0,1,FALSE,TRUE,"beta13
north_west"
"south_east","beta13",0.0336951118581404,0,1,FALSE,TRUE,"beta13
south_east"
"south_west","beta13",0.0329868688328551,0,1,FALSE,TRUE,"beta13
south_west"
"east_of_england","beta14",0.0371176816272796,0,1,FALSE,TRUE,"beta14
east_of_england"
"london","beta14",0.0435852184447781,0,1,FALSE,TRUE,"beta14
london"
"midlands","beta14",0.0422227598670746,0,1,FALSE,TRUE,"beta14
midlands"
"north_east_and_yorkshire","beta14",0.0427555356479719,0,1,FALSE,TRUE,"beta14
north_east_and_yorkshire"
"north_west","beta14",0.0411801406643891,0,1,FALSE,TRUE,"beta14
north_west"
"south_east","beta14",0.035809116347247,0,1,FALSE,TRUE,"beta14
south_east"
"south_west","beta14",0.0382434539585232,0,1,FALSE,TRUE,"beta14
south_west"
"east_of_england","beta15",0.0391098583323054,0,1,FALSE,TRUE,"beta15
east_of_england"
"london","beta15",0.0418252865563866,0,1,FALSE,TRUE,"beta15
london"
"midlands","beta15",0.0513517069695905,0,1,FALSE,TRUE,"beta15
midlands"
"north_east_and_yorkshire","beta15",0.0534030877080182,0,1,FALSE,TRUE,"beta15
north_east_and_yorkshire"
"north_west","beta15",0.0660710113993702,0,1,FALSE,TRUE,"beta15
north_west"
"south_east","beta15",0.0371297739320369,0,1,FALSE,TRUE,"beta15
south_east"
"south_west","beta15",0.0501642696742747,0,1,FALSE,TRUE,"beta15
south_west"
"east_of_england","beta16",0.0232118534565228,0,1,FALSE,TRUE,"beta16
east_of_england"
"london","beta16",0.0255830533246097,0,1,FALSE,TRUE,"beta16
london"
"midlands","beta16",0.0278411185698417,0,1,FALSE,TRUE,"beta16
midlands"
"north_east_and_yorkshire","beta16",0.0283399449201041,0,1,FALSE,TRUE,"beta16
north_east_and_yorkshire"
"north_west","beta16",0.0293171974007878,0,1,FALSE,TRUE,"beta16
north_west"
"south_east","beta16",0.0224918086945264,0,1,FALSE,TRUE,"beta16
south_east"
"south_west","beta16",0.0228724814439017,0,1,FALSE,TRUE,"beta16
south_west"
"east_of_england","beta17",0.0264144644337065,0,1,FALSE,TRUE,"beta17
east_of_england"
"london","beta17",0.0303733601818591,0,1,FALSE,TRUE,"beta17
london"
"midlands","beta17",0.0281575687259663,0,1,FALSE,TRUE,"beta17
midlands"
"north_east_and_yorkshire","beta17",0.0308112972344333,0,1,FALSE,TRUE,"beta17
north_east_and_yorkshire"
"north_west","beta17",0.0317985542432436,0,1,FALSE,TRUE,"beta17
north_west"
"south_east","beta17",0.0253345740812402,0,1,FALSE,TRUE,"beta17
south_east"
"south_west","beta17",0.0229081207741311,0,1,FALSE,TRUE,"beta17
south_west"
"east_of_england","beta2",0.0587722759849983,0,1,FALSE,TRUE,"beta2
east_of_england"
"london","beta2",0.0565205361370948,0,1,FALSE,TRUE,"beta2
london"
"midlands","beta2",0.0431798813867333,0,1,FALSE,TRUE,"beta2
midlands"
"north_east_and_yorkshire","beta2",0.0621472214457012,0,1,FALSE,TRUE,"beta2
north_east_and_yorkshire"
"north_west","beta2",0.0885360516596325,0,1,FALSE,TRUE,"beta2
north_west"
"south_east","beta2",0.0523419271872026,0,1,FALSE,TRUE,"beta2
south_east"
"south_west","beta2",0.0646976699239696,0,1,FALSE,TRUE,"beta2
south_west"
"east_of_england","beta3",0.0289052742185842,0,1,FALSE,TRUE,"beta3
east_of_england"
"london","beta3",0.0213690419276579,0,1,FALSE,TRUE,"beta3
london"
"midlands","beta3",0.0272021837431859,0,1,FALSE,TRUE,"beta3
midlands"
"north_east_and_yorkshire","beta3",0.0314741443541527,0,1,FALSE,TRUE,"beta3
north_east_and_yorkshire"
"north_west","beta3",0.0277819998584366,0,1,FALSE,TRUE,"beta3
north_west"
"south_east","beta3",0.0296819170722669,0,1,FALSE,TRUE,"beta3
south_east"
"south_west","beta3",0.0296054710105684,0,1,FALSE,TRUE,"beta3
south_west"
"east_of_england","beta4",0.0336020153613813,0,1,FALSE,TRUE,"beta4
east_of_england"
"london","beta4",0.0368806723388835,0,1,FALSE,TRUE,"beta4
london"
"midlands","beta4",0.0358133137410979,0,1,FALSE,TRUE,"beta4
midlands"
"north_east_and_yorkshire","beta4",0.0323927230914462,0,1,FALSE,TRUE,"beta4
north_east_and_yorkshire"
"north_west","beta4",0.0368848657307395,0,1,FALSE,TRUE,"beta4
north_west"
"south_east","beta4",0.0320129935839282,0,1,FALSE,TRUE,"beta4
south_east"
"south_west","beta4",0.0301285514564848,0,1,FALSE,TRUE,"beta4
south_west"
"east_of_england","beta5",0.0323061184342069,0,1,FALSE,TRUE,"beta5
east_of_england"
"london","beta5",0.0373855535363008,0,1,FALSE,TRUE,"beta5
london"
"midlands","beta5",0.0328706066890128,0,1,FALSE,TRUE,"beta5
midlands"
"north_east_and_yorkshire","beta5",0.0344808300993994,0,1,FALSE,TRUE,"beta5
north_east_and_yorkshire"
"north_west","beta5",0.0309765442821771,0,1,FALSE,TRUE,"beta5
north_west"
"south_east","beta5",0.0345666323239975,0,1,FALSE,TRUE,"beta5
south_east"
"south_west","beta5",0.0255019410649091,0,1,FALSE,TRUE,"beta5
south_west"
"east_of_england","beta6",0.0328616491936513,0,1,FALSE,TRUE,"beta6
east_of_england"
"london","beta6",0.0376819382131895,0,1,FALSE,TRUE,"beta6
london"
"midlands","beta6",0.0335907093582405,0,1,FALSE,TRUE,"beta6
midlands"
"north_east_and_yorkshire","beta6",0.0326833877586067,0,1,FALSE,TRUE,"beta6
north_east_and_yorkshire"
"north_west","beta6",0.0393736127399013,0,1,FALSE,TRUE,"beta6
north_west"
"south_east","beta6",0.0321084958237595,0,1,FALSE,TRUE,"beta6
south_east"
"south_west","beta6",0.0390889011676389,0,1,FALSE,TRUE,"beta6
south_west"
"east_of_england","beta7",0.0345555060442597,0,1,FALSE,TRUE,"beta7
east_of_england"
"london","beta7",0.0416958713718653,0,1,FALSE,TRUE,"beta7
london"
"midlands","beta7",0.035429702466833,0,1,FALSE,TRUE,"beta7
midlands"
"north_east_and_yorkshire","beta7",0.0369666348110076,0,1,FALSE,TRUE,"beta7
north_east_and_yorkshire"
"north_west","beta7",0.0364114983550966,0,1,FALSE,TRUE,"beta7
north_west"
"south_east","beta7",0.0340836088287034,0,1,FALSE,TRUE,"beta7
south_east"
"south_west","beta7",0.0378741003096172,0,1,FALSE,TRUE,"beta7
south_west"
"east_of_england","beta8",0.0480028205384224,0,1,FALSE,TRUE,"beta8
east_of_england"
"london","beta8",0.0573453928212807,0,1,FALSE,TRUE,"beta8
london"
"midlands","beta8",0.0563443321990499,0,1,FALSE,TRUE,"beta8
midlands"
"north_east_and_yorkshire","beta8",0.0559958736180907,0,1,FALSE,TRUE,"beta8
north_east_and_yorkshire"
"north_west","beta8",0.0595377278123614,0,1,FALSE,TRUE,"beta8
north_west"
"south_east","beta8",0.0482651567678408,0,1,FALSE,TRUE,"beta8
south_east"
"south_west","beta8",0.0387523315531627,0,1,FALSE,TRUE,"beta8
south_west"
"east_of_england","beta9",0.0542634088696247,0,1,FALSE,TRUE,"beta9
east_of_england"
"london","beta9",0.0527854458944162,0,1,FALSE,TRUE,"beta9
london"
"midlands","beta9",0.0498823157002453,0,1,FALSE,TRUE,"beta9
midlands"
"north_east_and_yorkshire","beta9",0.05808504754372,0,1,FALSE,TRUE,"beta9
north_east_and_yorkshire"
"north_west","beta9",0.058406203112722,0,1,FALSE,TRUE,"beta9
north_west"
"south_east","beta9",0.0482913538315928,0,1,FALSE,TRUE,"beta9
south_east"
"south_west","beta9",0.0599006698715741,0,1,FALSE,TRUE,"beta9
south_west"
NA,"mu_D",0.307179941932511,0,1,FALSE,TRUE,"mu_D
NA"
NA,"mu_D_2",0.543625805367597,0,1,FALSE,TRUE,"mu_D_2
NA"
NA,"mu_D_3",0.419198377944489,0,1,FALSE,TRUE,"mu_D_3
NA"
NA,"mu_D_4",0.440553775521992,0,1,FALSE,TRUE,"mu_D_4
NA"
NA,"mu_gamma_H",1.11907473902662,0,2,FALSE,TRUE,"mu_gamma_H
NA"
NA,"mu_gamma_H_2",1.07333002301003,0,2,FALSE,TRUE,"mu_gamma_H_2
NA"
NA,"p_G_D",0.328786755300282,0,1,FALSE,TRUE,"p_G_D
NA"
NA,"p_G_D_2",0.161094643423871,0,1,FALSE,TRUE,"p_G_D_2
NA"
NA,"p_H",0.631326795093934,0,1,FALSE,TRUE,"p_H
NA"
NA,"p_H_D",0.80341430024737,0,1,FALSE,TRUE,"p_H_D
NA"
NA,"p_ICU",0.246748082124857,0,1,FALSE,TRUE,"p_ICU
NA"
NA,"p_ICU_2",0.134025772041415,0,1,FALSE,TRUE,"p_ICU_2
NA"
NA,"p_ICU_D",0.398026750934295,0,1,FALSE,TRUE,"p_ICU_D
NA"
NA,"p_NC_15_24",0.00380343495680024,0,1,FALSE,TRUE,"p_NC_15_24
NA"
NA,"p_NC_25_49",0.00497800677367176,0,1,FALSE,TRUE,"p_NC_25_49
NA"
NA,"p_NC_50_64",0.00456856679457815,0,1,FALSE,TRUE,"p_NC_50_64
NA"
NA,"p_NC_65_79",0.00285687410392263,0,1,FALSE,TRUE,"p_NC_65_79
NA"
NA,"p_NC_80_plus",0.00658288635111138,0,1,FALSE,TRUE,"p_NC_80_plus
NA"
NA,"p_NC_weekend_15_24",0.00261008111814267,0,1,FALSE,TRUE,"p_NC_weekend_15_24
NA"
NA,"p_NC_weekend_25_49",0.0030467169279602,0,1,FALSE,TRUE,"p_NC_weekend_25_49
NA"
NA,"p_NC_weekend_50_64",0.00225602970069543,0,1,FALSE,TRUE,"p_NC_weekend_50_64
NA"
NA,"p_NC_weekend_65_79",0.0015787111404301,0,1,FALSE,TRUE,"p_NC_weekend_65_79
NA"
NA,"p_NC_weekend_80_plus",0.00329435519552173,0,1,FALSE,TRUE,"p_NC_weekend_80_plus
NA"
NA,"p_W_D",0.29400794845475,0,1,FALSE,TRUE,"p_W_D
NA"
NA,"rel_p_D_alpha",1.46361208358042,0,3,FALSE,TRUE,"rel_p_D_alpha
NA"
NA,"rel_p_H_alpha",1.73130860257482,0,3,FALSE,TRUE,"rel_p_H_alpha
NA"
NA,"rel_p_ICU_alpha",1.26504874193578,0,3,FALSE,TRUE,"rel_p_ICU_alpha
NA"
NA,"rho_pillar2_tests",0.00499405743856894,0,1,FALSE,TRUE,"rho_pillar2_tests
NA"
"east_of_england","seed_date_alpha",284.267882528149,261,369,FALSE,TRUE,"seed_date_alpha
east_of_england"
"london","seed_date_alpha",278.326101152657,261,369,FALSE,TRUE,"seed_date_alpha
london"
"midlands","seed_date_alpha",288.930560295641,261,369,FALSE,TRUE,"seed_date_alpha
midlands"
"north_east_and_yorkshire","seed_date_alpha",289.761530802302,261,369,FALSE,TRUE,"seed_date_alpha
north_east_and_yorkshire"
"north_west","seed_date_alpha",286.514128384652,261,369,FALSE,TRUE,"seed_date_alpha
north_west"
"south_east","seed_date_alpha",280.41392531443,261,369,FALSE,TRUE,"seed_date_alpha
south_east"
"south_west","seed_date_alpha",293.260614972013,261,369,FALSE,TRUE,"seed_date_alpha
south_west"
"east_of_england","start_date",48.7110426581577,1,75,FALSE,TRUE,"start_date
east_of_england"
"london","start_date",24.9601541852907,1,75,FALSE,TRUE,"start_date
london"
"midlands","start_date",44.2111770994756,1,75,FALSE,TRUE,"start_date
midlands"
"north_east_and_yorkshire","start_date",54.8415140955226,1,75,FALSE,TRUE,"start_date
north_east_and_yorkshire"
"north_west","start_date",45.7857463499794,1,75,FALSE,TRUE,"start_date
north_west"
"south_east","start_date",38.9727291451441,1,75,FALSE,TRUE,"start_date
south_east"
"south_west","start_date",46.781919009124,1,75,FALSE,TRUE,"start_date
south_west"
NA,"ta_alpha",1.62259441509352,0,3,FALSE,TRUE,"ta_alpha
NA"
