"region","name","alpha_admission","alpha_D","alpha_death_hosp","alpha_H","beta1","beta10","beta11","beta12","beta13","beta14","beta15","beta16","beta17","beta2","beta3","beta4","beta5","beta6","beta7","beta8","beta9","mu_D","mu_D_2","mu_D_3","mu_D_4","mu_gamma_H","mu_gamma_H_2","p_G_D","p_G_D_2","p_H","p_H_D","p_ICU","p_ICU_2","p_ICU_D","p_NC_15_24","p_NC_25_49","p_NC_50_64","p_NC_65_79","p_NC_80_plus","p_NC_weekend_15_24","p_NC_weekend_25_49","p_NC_weekend_50_64","p_NC_weekend_65_79","p_NC_weekend_80_plus","p_W_D","rel_p_D_alpha","rel_p_H_alpha","rel_p_ICU_alpha","rho_pillar2_tests","seed_date_alpha","start_date","ta_alpha"
NA,"alpha_admission",9.71935509747819e-07,-4.5144443457441e-07,1.00515171795841e-07,1.84942819991557e-07,0,0,0,0,0,0,0,0,0,0,0,0,0,0,0,0,0,-1.5081049752762e-06,4.73996918004267e-07,-1.91707204891604e-06,-1.94653872895263e-08,-5.57156602151058e-08,-8.17326793821476e-07,7.93320504017007e-07,-1.90458355342252e-07,-1.36840655319092e-07,3.03921685090445e-07,4.85550484330012e-07,2.03451022028249e-07,-4.08651775835907e-07,8.06517934455873e-10,-2.13826912540562e-09,-2.89996748266842e-09,-2.89378661676907e-09,1.79545512996012e-09,-4.2706000326596e-09,2.35769991016878e-09,1.17551927251927e-09,-4.34103170682721e-10,-5.5825429771753e-09,4.28961026901839e-06,2.81924143115227e-06,6.62859881771675e-07,4.09625063656414e-07,-7.32702767323693e-09,0,0,-4.33359198461276e-08
NA,"alpha_D",-4.5144443457441e-07,8.79651005773395e-05,2.92627325992611e-06,-8.60336760832611e-07,0,0,0,0,0,0,0,0,0,0,0,0,0,0,0,0,0,4.55527859212261e-06,-9.04555386593261e-06,-2.92417026067582e-06,-1.25886240768761e-05,4.80845349522705e-06,-1.2655457064479e-05,-6.33940917290354e-06,-4.02382328909309e-07,-3.28599073114849e-07,7.13527544112597e-06,1.68856224129916e-06,-7.91815448165969e-07,-7.64155503922453e-06,3.43943957876273e-08,1.80623084775764e-08,1.45835468091924e-08,1.12362077646672e-08,-2.89107054000344e-10,1.0191993010626e-08,-8.42204033030123e-09,-3.51592757232323e-08,-1.22480575521927e-08,3.32142174623639e-08,2.38448379051059e-05,8.45578861266362e-06,6.72233958069048e-06,1.79061722714479e-06,1.08563981795474e-08,0,0,-6.8321181898884e-07
NA,"alpha_death_hosp",1.00515171795841e-07,2.92627325992611e-06,2.1797080225592e-06,-3.46205099341536e-07,0,0,0,0,0,0,0,0,0,0,0,0,0,0,0,0,0,7.71493160090406e-07,-1.06654673098511e-06,-1.97617363767081e-06,-4.80764343277487e-07,-2.06965703415542e-06,4.17418541375112e-07,-3.40531930028035e-07,-2.56352196022886e-07,2.07997346764337e-07,1.52178405028294e-07,-3.9682354113643e-07,-2.4639989780734e-07,3.10619644422516e-07,-1.65387703188737e-09,8.87132728974319e-10,2.11986363884398e-09,-2.24063788667633e-09,-5.65464799705967e-09,-2.06244879523526e-09,1.70882953532516e-09,1.30249874011984e-09,2.18001353748565e-09,1.30393960454644e-09,-6.59360163728032e-06,2.89078698398807e-06,1.75654929513176e-06,1.56626319908581e-06,-3.817340102395e-09,0,0,-1.03315568730221e-07
NA,"alpha_H",1.84942819991557e-07,-8.60336760832611e-07,-3.46205099341536e-07,1.00456405478603e-06,0,0,0,0,0,0,0,0,0,0,0,0,0,0,0,0,0,-7.92769834718743e-07,1.49740716849027e-06,1.05471157253896e-06,1.94196324074574e-06,-1.90831402428239e-06,5.02733377452357e-07,3.12182901018783e-07,3.2720576419025e-07,-8.06033049476728e-08,-6.60102759419778e-07,2.53502065616849e-07,-1.63170132830076e-08,-9.74061222440287e-07,7.32706865256127e-10,-2.31049441290223e-09,-4.63218597583578e-09,5.75214076401118e-12,2.41915015079357e-10,-9.40283232572694e-10,2.30857321656826e-09,1.99459255848791e-09,-5.25875640260533e-10,-6.05783563165219e-10,5.08057745935165e-06,-3.8673201367986e-06,-1.20847489372049e-06,2.4541365779637e-06,1.5578847268005e-10,0,0,1.40673882974314e-07
NA,"mu_D",-1.5081049752762e-06,4.55527859212261e-06,7.71493160090406e-07,-7.92769834718743e-07,0,0,0,0,0,0,0,0,0,0,0,0,0,0,0,0,0,6.53116512669459e-05,1.03309452222143e-05,2.1070371692574e-05,6.25889619076035e-06,-2.43469705072348e-05,1.90553947017921e-05,-3.43650741636727e-06,-1.12902218335401e-06,-1.76549964261814e-06,-2.48035181132327e-05,-6.80267805047204e-07,9.51720093742545e-07,-7.84718710089803e-06,-2.23015720447696e-09,-2.5813055241364e-08,-3.56313636502144e-08,1.1669659998071e-08,-2.6513543205446e-08,1.86361425481513e-08,-2.36219479115965e-08,-1.71176786744748e-08,6.34081838186593e-11,-5.28033293110773e-09,-1.62106944595697e-05,-1.08563463296451e-06,-3.79831981642923e-07,-1.51312605845147e-05,1.10164263330489e-07,0,0,4.38617049362463e-07
NA,"mu_D_2",4.73996918004267e-07,-9.04555386593261e-06,-1.06654673098511e-06,1.49740716849027e-06,0,0,0,0,0,0,0,0,0,0,0,0,0,0,0,0,0,1.03309452222143e-05,2.82673665727698e-05,2.36377387242541e-05,2.3315274847e-05,-1.74393909862162e-06,4.1628222142046e-06,8.38654500406834e-07,4.54877174629104e-06,-2.62994915502357e-06,-1.8436398785963e-05,1.8070400448044e-06,1.45845261340154e-06,-3.60951530064713e-06,5.721179299539e-09,-2.60816600432457e-08,-2.47585637436001e-08,-9.41359883517546e-09,-3.32707944351366e-09,-2.71425431030587e-09,7.01548997401983e-10,6.1124281909224e-09,-7.77099703088473e-09,-1.97483994701492e-08,5.05045249494632e-07,-6.48420512387573e-05,1.21036719478217e-05,-2.21498359322317e-05,5.38758834636835e-08,0,0,4.26517110185795e-07
NA,"mu_D_3",-1.91707204891604e-06,-2.92417026067582e-06,-1.97617363767081e-06,1.05471157253896e-06,0,0,0,0,0,0,0,0,0,0,0,0,0,0,0,0,0,2.1070371692574e-05,2.36377387242541e-05,9.80374576724469e-05,3.86490058024097e-05,-2.52039182987771e-05,5.21368886094095e-06,-3.80188693429471e-06,1.45076787280822e-05,-3.20230492356502e-06,-1.83437443374355e-05,3.55953155054515e-07,1.52817751865022e-06,-2.96483341371177e-06,-8.98853642962135e-10,-1.99403283301352e-09,3.6620945304419e-09,1.64939778773699e-08,-9.44886775850335e-09,2.2189357549899e-08,2.22931032237247e-08,-8.72092749849443e-09,-1.04455933488085e-08,2.11500666466413e-08,-3.96115533043124e-05,-0.000207780368733452,2.54330268674821e-05,-4.02819603867136e-05,1.20665436155314e-07,0,0,1.01162725342764e-06
NA,"mu_D_4",-1.94653872895263e-08,-1.25886240768761e-05,-4.80764343277487e-07,1.94196324074574e-06,0,0,0,0,0,0,0,0,0,0,0,0,0,0,0,0,0,6.25889619076035e-06,2.3315274847e-05,3.86490058024097e-05,6.22571971765056e-05,-2.05934529919049e-05,-4.55733605080432e-06,3.01121320778152e-08,9.41994506967003e-06,3.22221918061561e-07,-1.86357709005484e-05,2.26865301861337e-06,1.00585262354046e-07,-1.09820579661062e-05,-5.71887074276106e-10,-3.08502477409326e-08,-2.49779788037423e-08,-1.69766162547293e-08,1.3233073446177e-08,-1.88526521059208e-09,1.07318446983898e-08,2.10576413713257e-08,-6.1319480098432e-09,-4.60880618807713e-08,5.33094523855439e-06,-0.00011244871094252,7.85743286299599e-06,-1.57791156629432e-05,2.64405769103633e-09,0,0,5.71115228974406e-07
NA,"mu_gamma_H",-5.57156602151058e-08,4.80845349522705e-06,-2.06965703415542e-06,-1.90831402428239e-06,0,0,0,0,0,0,0,0,0,0,0,0,0,0,0,0,0,-2.43469705072348e-05,-1.74393909862162e-06,-2.52039182987771e-05,-2.05934529919049e-05,0.000102902306748254,-3.01882507674565e-05,1.38465719074556e-06,-1.83272622072485e-07,7.02376393707374e-07,1.79118010830629e-05,-2.4449987452946e-06,-1.1939268889953e-06,-1.94036451989153e-05,-1.87810423844263e-08,-2.3482942781474e-08,-6.13054707070879e-09,-2.41318819864953e-08,-5.70105386569681e-08,1.23957780542155e-08,-2.84995145769856e-08,-3.17560312494276e-08,1.40311590696822e-08,1.02984355219524e-08,-5.60775687754562e-06,3.20000673635133e-05,4.03667824444752e-06,2.7808942137022e-05,5.44947025048156e-10,0,0,-6.88819068587881e-07
NA,"mu_gamma_H_2",-8.17326793821476e-07,-1.2655457064479e-05,4.17418541375112e-07,5.02733377452357e-07,0,0,0,0,0,0,0,0,0,0,0,0,0,0,0,0,0,1.90553947017921e-05,4.1628222142046e-06,5.21368886094095e-06,-4.55733605080432e-06,-3.01882507674565e-05,6.9342394329437e-05,-5.25319753308015e-06,-1.69005218479958e-06,-2.92909042574546e-06,-1.24371443350144e-05,3.39527782502339e-06,2.86761999456276e-06,1.6007564664286e-05,-1.82423116126567e-08,-2.86722036701468e-08,-1.22759870380216e-08,1.62051286601073e-08,2.40195168966782e-08,7.98136882748668e-09,9.43495786467591e-09,1.53452087301716e-08,-3.0870933974509e-09,-3.16789825696687e-08,4.40260121837997e-05,5.45937262370335e-06,5.42691690999096e-06,-3.47658085982397e-05,1.15751746990204e-07,0,0,3.06094421767469e-07
NA,"p_G_D",7.93320504017007e-07,-6.33940917290354e-06,-3.40531930028035e-07,3.12182901018783e-07,0,0,0,0,0,0,0,0,0,0,0,0,0,0,0,0,0,-3.43650741636727e-06,8.38654500406834e-07,-3.80188693429471e-06,3.01121320778152e-08,1.38465719074556e-06,-5.25319753308015e-06,9.68887325062915e-06,-1.0476302718937e-07,-1.19767410377769e-07,1.8514999808678e-06,1.63476673259252e-06,2.06352619230715e-07,-5.91174698645303e-06,-4.99257702590128e-09,-4.22752361042803e-09,-1.16647387394718e-08,-1.46909235586823e-09,6.97186520964952e-09,-1.51463441200256e-08,9.08001296220203e-09,5.61821556264726e-09,-1.22053565318001e-09,5.47434700416441e-09,1.95105798958981e-05,2.42618738384605e-06,-3.28079204226616e-08,7.43819954078859e-07,-1.67325890505465e-08,0,0,1.90260398542414e-07
NA,"p_G_D_2",-1.90458355342252e-07,-4.02382328909309e-07,-2.56352196022886e-07,3.2720576419025e-07,0,0,0,0,0,0,0,0,0,0,0,0,0,0,0,0,0,-1.12902218335401e-06,4.54877174629104e-06,1.45076787280822e-05,9.41994506967003e-06,-1.83272622072485e-07,-1.69005218479958e-06,-1.0476302718937e-07,4.53544022362674e-06,1.05792451708692e-07,3.64309145818732e-07,1.14053245159181e-07,-1.25198984541811e-08,1.98269117950093e-07,-6.49026768924049e-10,-7.8722969302614e-10,-1.71117341730395e-09,-5.42692585479213e-10,4.00758002825067e-10,3.25057465565125e-09,4.93428184553966e-09,-2.7503120057739e-10,-2.6734865172217e-09,5.52570851665308e-09,-7.52571120325776e-06,-4.19677648000112e-05,3.04792573877518e-06,-2.6173271736451e-06,1.23559997233594e-08,0,0,3.6842834052799e-08
NA,"p_H",-1.36840655319092e-07,-3.28599073114849e-07,2.07997346764337e-07,-8.06033049476728e-08,0,0,0,0,0,0,0,0,0,0,0,0,0,0,0,0,0,-1.76549964261814e-06,-2.62994915502357e-06,-3.20230492356502e-06,3.22221918061561e-07,7.02376393707374e-07,-2.92909042574546e-06,-1.19767410377769e-07,1.05792451708692e-07,4.34561033350123e-06,1.99831954468102e-06,-1.05964071429848e-06,-8.58169868535109e-07,4.67952360672783e-07,-1.23416733858836e-09,5.33220752575345e-09,3.15706702295686e-09,-3.71895034784354e-09,2.82043363537407e-09,-2.47276935886139e-09,-8.74090726613265e-09,-4.74288891105467e-10,-7.17611040778661e-10,-7.79663549970201e-09,-1.06287375741642e-05,7.135480982041e-06,-1.39222916861539e-05,1.11882453951626e-05,-1.6319900075832e-08,0,0,-2.82285807895508e-07
NA,"p_H_D",3.03921685090445e-07,7.13527544112597e-06,1.52178405028294e-07,-6.60102759419778e-07,0,0,0,0,0,0,0,0,0,0,0,0,0,0,0,0,0,-2.48035181132327e-05,-1.8436398785963e-05,-1.83437443374355e-05,-1.86357709005484e-05,1.79118010830629e-05,-1.24371443350144e-05,1.8514999808678e-06,3.64309145818732e-07,1.99831954468102e-06,3.60213094629683e-05,-1.13275847081046e-06,-1.7882189466699e-06,1.26383674379636e-06,-1.02809039616163e-08,4.06980317724548e-08,1.57783701120679e-08,-7.02472000639399e-09,1.55998986406199e-08,1.71763524318103e-09,-9.06470672167226e-10,-6.61221921377616e-09,1.6359846729397e-09,2.43324873408018e-08,-1.06621856419513e-05,9.73489944003463e-06,-8.3724401221173e-06,2.05464810990972e-05,-8.96176117672428e-08,0,0,-7.97141389097628e-07
NA,"p_ICU",4.85550484330012e-07,1.68856224129916e-06,-3.9682354113643e-07,2.53502065616849e-07,0,0,0,0,0,0,0,0,0,0,0,0,0,0,0,0,0,-6.80267805047204e-07,1.8070400448044e-06,3.55953155054515e-07,2.26865301861337e-06,-2.4449987452946e-06,3.39527782502339e-06,1.63476673259252e-06,1.14053245159181e-07,-1.05964071429848e-06,-1.13275847081046e-06,5.4510536324942e-06,3.16957514075605e-07,-3.44295414976588e-06,5.14346298107142e-09,-8.47997739467695e-09,-5.80578775368088e-09,2.2755164321607e-09,6.78132799555849e-09,-1.33740497503102e-09,4.51565555385929e-09,4.36685319498876e-09,-2.65309648231027e-09,4.35031904801494e-09,2.80159977282848e-05,-3.22533977074967e-06,-9.44235430031326e-07,-5.12679612333152e-07,6.56693225547849e-09,0,0,3.55877853899747e-07
NA,"p_ICU_2",2.03451022028249e-07,-7.91815448165969e-07,-2.4639989780734e-07,-1.63170132830076e-08,0,0,0,0,0,0,0,0,0,0,0,0,0,0,0,0,0,9.51720093742545e-07,1.45845261340154e-06,1.52817751865022e-06,1.00585262354046e-07,-1.1939268889953e-06,2.86761999456276e-06,2.06352619230715e-07,-1.25198984541811e-08,-8.58169868535109e-07,-1.7882189466699e-06,3.16957514075605e-07,9.07765995208925e-07,-6.63065229610885e-07,-1.1122312363068e-09,-3.79785616575418e-09,-4.1058124822123e-09,5.82511029898588e-10,-3.33900774574448e-10,-8.92387316481076e-10,4.75354934611206e-09,-8.92482424090883e-10,1.09681975201105e-09,9.00597780644224e-10,1.01783538524656e-05,-1.54050374856353e-06,2.03264706396191e-06,-8.10368388349954e-06,8.20661111028297e-09,0,0,7.07992974111049e-08
NA,"p_ICU_D",-4.08651775835907e-07,-7.64155503922453e-06,3.10619644422516e-07,-9.74061222440287e-07,0,0,0,0,0,0,0,0,0,0,0,0,0,0,0,0,0,-7.84718710089803e-06,-3.60951530064713e-06,-2.96483341371177e-06,-1.09820579661062e-05,-1.94036451989153e-05,1.6007564664286e-05,-5.91174698645303e-06,1.98269117950093e-07,4.67952360672783e-07,1.26383674379636e-06,-3.44295414976588e-06,-6.63065229610885e-07,0.000123395252922898,-6.20712215394936e-09,-1.94090879681869e-08,4.00349757412847e-08,1.52202163140086e-08,8.9355687383002e-08,1.29997816709459e-08,1.18636645349118e-08,-6.32541498022307e-09,-2.23207574020914e-08,2.25229979620875e-08,-0.000177076695918089,-1.88500431048091e-05,1.24758910865929e-05,9.89024262426671e-08,-2.45302001807501e-08,0,0,-2.18649914117396e-07
NA,"p_NC_15_24",8.06517934455873e-10,3.43943957876273e-08,-1.65387703188737e-09,7.32706865256127e-10,0,0,0,0,0,0,0,0,0,0,0,0,0,0,0,0,0,-2.23015720447696e-09,5.721179299539e-09,-8.98853642962135e-10,-5.71887074276106e-10,-1.87810423844263e-08,-1.82423116126567e-08,-4.99257702590128e-09,-6.49026768924049e-10,-1.23416733858836e-09,-1.02809039616163e-08,5.14346298107142e-09,-1.1122312363068e-09,-6.20712215394936e-09,1.8232558776284e-10,-1.06658665852697e-11,-1.48610176104543e-11,7.61877214842188e-11,-3.97129045397379e-11,4.64601351184802e-11,1.32019800945833e-11,2.23467222728955e-11,7.48858703870762e-12,6.25754336532555e-11,4.6108540552472e-08,1.31787766254183e-08,-1.66357574540356e-08,5.508147377406e-10,8.04176798445469e-11,0,0,1.50626794939298e-09
NA,"p_NC_25_49",-2.13826912540562e-09,1.80623084775764e-08,8.87132728974319e-10,-2.31049441290223e-09,0,0,0,0,0,0,0,0,0,0,0,0,0,0,0,0,0,-2.5813055241364e-08,-2.60816600432457e-08,-1.99403283301352e-09,-3.08502477409326e-08,-2.3482942781474e-08,-2.86722036701468e-08,-4.22752361042803e-09,-7.8722969302614e-10,5.33220752575345e-09,4.06980317724548e-08,-8.47997739467695e-09,-3.79785616575418e-09,-1.94090879681869e-08,-1.06658665852697e-11,5.22618291890486e-10,1.45682977862445e-10,1.99693854015829e-11,1.22432328908596e-10,9.77193429613217e-13,-5.26791289043189e-11,3.98305353392472e-12,4.3526652908107e-11,3.18416213350204e-11,-1.25919907274742e-08,1.62759302037645e-08,-3.97775062698185e-08,4.67874904937781e-08,-3.32795118285978e-10,0,0,-2.32680527822335e-09
NA,"p_NC_50_64",-2.89996748266842e-09,1.45835468091924e-08,2.11986363884398e-09,-4.63218597583578e-09,0,0,0,0,0,0,0,0,0,0,0,0,0,0,0,0,0,-3.56313636502144e-08,-2.47585637436001e-08,3.6620945304419e-09,-2.49779788037423e-08,-6.13054707070879e-09,-1.22759870380216e-08,-1.16647387394718e-08,-1.71117341730395e-09,3.15706702295686e-09,1.57783701120679e-08,-5.80578775368088e-09,-4.1058124822123e-09,4.00349757412847e-08,-1.48610176104543e-11,1.45682977862445e-10,6.11360685219651e-10,2.75716594710402e-11,2.77168361238045e-10,1.92973471125945e-11,-5.68121323407495e-11,-1.07144700071125e-12,2.7729284220256e-11,8.42454182393371e-11,-1.40167182467813e-07,1.68072031567523e-08,3.29695625774033e-08,-2.40816620108631e-10,-4.77604617097996e-10,0,0,-1.98769733725872e-09
NA,"p_NC_65_79",-2.89378661676907e-09,1.12362077646672e-08,-2.24063788667633e-09,5.75214076401118e-12,0,0,0,0,0,0,0,0,0,0,0,0,0,0,0,0,0,1.1669659998071e-08,-9.41359883517546e-09,1.64939778773699e-08,-1.69766162547293e-08,-2.41318819864953e-08,1.62051286601073e-08,-1.46909235586823e-09,-5.42692585479213e-10,-3.71895034784354e-09,-7.02472000639399e-09,2.2755164321607e-09,5.82511029898588e-10,1.52202163140086e-08,7.61877214842188e-11,1.99693854015829e-11,2.75716594710402e-11,1.76278335904944e-10,7.6762686551092e-11,5.55655213476784e-11,1.92020140086649e-11,1.75646921227797e-11,6.73175069297025e-12,4.19190455727275e-11,-2.14815400662285e-09,-1.95822620921082e-08,2.65213240659194e-09,-1.98981101054146e-08,8.80663671247817e-11,0,0,2.24559788937448e-09
NA,"p_NC_80_plus",1.79545512996012e-09,-2.89107054000344e-10,-5.65464799705967e-09,2.41915015079357e-10,0,0,0,0,0,0,0,0,0,0,0,0,0,0,0,0,0,-2.6513543205446e-08,-3.32707944351366e-09,-9.44886775850335e-09,1.3233073446177e-08,-5.70105386569681e-08,2.40195168966782e-08,6.97186520964952e-09,4.00758002825067e-10,2.82043363537407e-09,1.55998986406199e-08,6.78132799555849e-09,-3.33900774574448e-10,8.9355687383002e-08,-3.97129045397379e-11,1.22432328908596e-10,2.77168361238045e-10,7.6762686551092e-11,2.00168304753869e-09,-9.40245961478648e-11,3.23632496765553e-11,2.29322828250874e-11,-5.51466871270143e-11,-8.45020767930704e-11,-1.22006340888615e-07,-1.21247729020309e-07,-4.93129337681318e-09,-5.82445363203073e-08,-2.76608436849193e-10,0,0,1.68516932006387e-09
NA,"p_NC_weekend_15_24",-4.2706000326596e-09,1.0191993010626e-08,-2.06244879523526e-09,-9.40283232572694e-10,0,0,0,0,0,0,0,0,0,0,0,0,0,0,0,0,0,1.86361425481513e-08,-2.71425431030587e-09,2.2189357549899e-08,-1.88526521059208e-09,1.23957780542155e-08,7.98136882748668e-09,-1.51463441200256e-08,3.25057465565125e-09,-2.47276935886139e-09,1.71763524318103e-09,-1.33740497503102e-09,-8.92387316481076e-10,1.29997816709459e-08,4.64601351184802e-11,9.77193429613217e-13,1.92973471125945e-11,5.55655213476784e-11,-9.40245961478648e-11,2.25499732388678e-10,-7.1747441022617e-11,5.02715714435948e-12,9.07236859270121e-12,4.63659843673654e-11,-1.88812252978704e-08,-4.91065576109467e-08,5.79717328397567e-09,-1.7708132494283e-08,-4.9696683279152e-12,0,0,1.74712724067461e-09
NA,"p_NC_weekend_25_49",2.35769991016878e-09,-8.42204033030123e-09,1.70882953532516e-09,2.30857321656826e-09,0,0,0,0,0,0,0,0,0,0,0,0,0,0,0,0,0,-2.36219479115965e-08,7.01548997401983e-10,2.22931032237247e-08,1.07318446983898e-08,-2.84995145769856e-08,9.43495786467591e-09,9.08001296220203e-09,4.93428184553966e-09,-8.74090726613265e-09,-9.06470672167226e-10,4.51565555385929e-09,4.75354934611206e-09,1.18636645349118e-08,1.32019800945833e-11,-5.26791289043189e-11,-5.68121323407495e-11,1.92020140086649e-11,3.23632496765553e-11,-7.1747441022617e-11,2.72924568860582e-10,2.83232118559183e-11,-2.20847805148719e-12,-2.51270653573168e-11,-1.34201161987225e-08,-8.9201267195279e-08,2.22576819677429e-08,-6.4806760813401e-08,-6.15451817285444e-11,0,0,2.42048158044197e-09
NA,"p_NC_weekend_50_64",1.17551927251927e-09,-3.51592757232323e-08,1.30249874011984e-09,1.99459255848791e-09,0,0,0,0,0,0,0,0,0,0,0,0,0,0,0,0,0,-1.71176786744748e-08,6.1124281909224e-09,-8.72092749849443e-09,2.10576413713257e-08,-3.17560312494276e-08,1.53452087301716e-08,5.61821556264726e-09,-2.7503120057739e-10,-4.74288891105467e-10,-6.61221921377616e-09,4.36685319498876e-09,-8.92482424090883e-10,-6.32541498022307e-09,2.23467222728955e-11,3.98305353392472e-12,-1.07144700071125e-12,1.75646921227797e-11,2.29322828250874e-11,5.02715714435948e-12,2.83232118559183e-11,1.27669950910796e-10,1.30175766883441e-11,-5.07245978060129e-12,3.4848857222008e-08,3.49517874547125e-09,-1.59903014630883e-08,1.18095670578362e-08,-1.94860740860708e-11,0,0,9.90197465926043e-10
NA,"p_NC_weekend_65_79",-4.34103170682721e-10,-1.22480575521927e-08,2.18001353748565e-09,-5.25875640260533e-10,0,0,0,0,0,0,0,0,0,0,0,0,0,0,0,0,0,6.34081838186593e-11,-7.77099703088473e-09,-1.04455933488085e-08,-6.1319480098432e-09,1.40311590696822e-08,-3.0870933974509e-09,-1.22053565318001e-09,-2.6734865172217e-09,-7.17611040778661e-10,1.6359846729397e-09,-2.65309648231027e-09,1.09681975201105e-09,-2.23207574020914e-08,7.48858703870762e-12,4.3526652908107e-11,2.7729284220256e-11,6.73175069297025e-12,-5.51466871270143e-11,9.07236859270121e-12,-2.20847805148719e-12,1.30175766883441e-11,1.13857543552679e-10,4.59618956686154e-11,2.28332517768935e-08,4.76404089657162e-08,-6.82259820863857e-09,3.40234428187367e-09,-3.98291809545453e-11,0,0,1.88920859475732e-10
NA,"p_NC_weekend_80_plus",-5.5825429771753e-09,3.32142174623639e-08,1.30393960454644e-09,-6.05783563165219e-10,0,0,0,0,0,0,0,0,0,0,0,0,0,0,0,0,0,-5.28033293110773e-09,-1.97483994701492e-08,2.11500666466413e-08,-4.60880618807713e-08,1.02984355219524e-08,-3.16789825696687e-08,5.47434700416441e-09,5.52570851665308e-09,-7.79663549970201e-09,2.43324873408018e-08,4.35031904801494e-09,9.00597780644224e-10,2.25229979620875e-08,6.25754336532555e-11,3.18416213350204e-11,8.42454182393371e-11,4.19190455727275e-11,-8.45020767930704e-11,4.63659843673654e-11,-2.51270653573168e-11,-5.07245978060129e-12,4.59618956686154e-11,1.02413320479256e-09,-4.97086994721924e-08,-5.84770382955261e-08,-3.93051949373284e-09,-1.25819127076334e-08,-5.96589385027327e-11,0,0,-1.6861327132735e-09
NA,"p_W_D",4.28961026901839e-06,2.38448379051059e-05,-6.59360163728032e-06,5.08057745935165e-06,0,0,0,0,0,0,0,0,0,0,0,0,0,0,0,0,0,-1.62106944595697e-05,5.05045249494632e-07,-3.96115533043124e-05,5.33094523855439e-06,-5.60775687754562e-06,4.40260121837997e-05,1.95105798958981e-05,-7.52571120325776e-06,-1.06287375741642e-05,-1.06621856419513e-05,2.80159977282848e-05,1.01783538524656e-05,-0.000177076695918089,4.6108540552472e-08,-1.25919907274742e-08,-1.40167182467813e-07,-2.14815400662285e-09,-1.22006340888615e-07,-1.88812252978704e-08,-1.34201161987225e-08,3.4848857222008e-08,2.28332517768935e-08,-4.97086994721924e-08,0.000982875117158828,0.000111266036416265,-7.03373836901206e-05,6.0107958109056e-05,1.23151723353046e-07,0,0,1.30198867755212e-06
NA,"rel_p_D_alpha",2.81924143115227e-06,8.45578861266362e-06,2.89078698398807e-06,-3.8673201367986e-06,0,0,0,0,0,0,0,0,0,0,0,0,0,0,0,0,0,-1.08563463296451e-06,-6.48420512387573e-05,-0.000207780368733452,-0.00011244871094252,3.20000673635133e-05,5.45937262370335e-06,2.42618738384605e-06,-4.19677648000112e-05,7.135480982041e-06,9.73489944003463e-06,-3.22533977074967e-06,-1.54050374856353e-06,-1.88500431048091e-05,1.31787766254183e-08,1.62759302037645e-08,1.68072031567523e-08,-1.95822620921082e-08,-1.21247729020309e-07,-4.91065576109467e-08,-8.9201267195279e-08,3.49517874547125e-09,4.76404089657162e-08,-5.84770382955261e-08,0.000111266036416265,0.000618984530590465,-7.45066679270414e-05,8.29063281535958e-05,-2.07860517455604e-07,0,0,-2.40693105115862e-06
NA,"rel_p_H_alpha",6.62859881771675e-07,6.72233958069048e-06,1.75654929513176e-06,-1.20847489372049e-06,0,0,0,0,0,0,0,0,0,0,0,0,0,0,0,0,0,-3.79831981642923e-07,1.21036719478217e-05,2.54330268674821e-05,7.85743286299599e-06,4.03667824444752e-06,5.42691690999096e-06,-3.28079204226616e-08,3.04792573877518e-06,-1.39222916861539e-05,-8.3724401221173e-06,-9.44235430031326e-07,2.03264706396191e-06,1.24758910865929e-05,-1.66357574540356e-08,-3.97775062698185e-08,3.29695625774033e-08,2.65213240659194e-09,-4.93129337681318e-09,5.79717328397567e-09,2.22576819677429e-08,-1.59903014630883e-08,-6.82259820863857e-09,-3.93051949373284e-09,-7.03373836901206e-05,-7.45066679270414e-05,0.000115854714476652,-7.05597720029114e-05,6.43909533809221e-09,0,0,-6.21490772516486e-07
NA,"rel_p_ICU_alpha",4.09625063656414e-07,1.79061722714479e-06,1.56626319908581e-06,2.4541365779637e-06,0,0,0,0,0,0,0,0,0,0,0,0,0,0,0,0,0,-1.51312605845147e-05,-2.21498359322317e-05,-4.02819603867136e-05,-1.57791156629432e-05,2.7808942137022e-05,-3.47658085982397e-05,7.43819954078859e-07,-2.6173271736451e-06,1.11882453951626e-05,2.05464810990972e-05,-5.12679612333152e-07,-8.10368388349954e-06,9.89024262426671e-08,5.508147377406e-10,4.67874904937781e-08,-2.40816620108631e-10,-1.98981101054146e-08,-5.82445363203073e-08,-1.7708132494283e-08,-6.4806760813401e-08,1.18095670578362e-08,3.40234428187367e-09,-1.25819127076334e-08,6.0107958109056e-05,8.29063281535958e-05,-7.05597720029114e-05,0.000197526014844817,-5.70596607126272e-08,0,0,-7.85634801978642e-07
NA,"rho_pillar2_tests",-7.32702767323693e-09,1.08563981795474e-08,-3.817340102395e-09,1.5578847268005e-10,0,0,0,0,0,0,0,0,0,0,0,0,0,0,0,0,0,1.10164263330489e-07,5.38758834636835e-08,1.20665436155314e-07,2.64405769103633e-09,5.44947025048156e-10,1.15751746990204e-07,-1.67325890505465e-08,1.23559997233594e-08,-1.6319900075832e-08,-8.96176117672428e-08,6.56693225547849e-09,8.20661111028297e-09,-2.45302001807501e-08,8.04176798445469e-11,-3.32795118285978e-10,-4.77604617097996e-10,8.80663671247817e-11,-2.76608436849193e-10,-4.9696683279152e-12,-6.15451817285444e-11,-1.94860740860708e-11,-3.98291809545453e-11,-5.96589385027327e-11,1.23151723353046e-07,-2.07860517455604e-07,6.43909533809221e-09,-5.70596607126272e-08,2.29802499257961e-09,0,0,4.59598519733472e-09
NA,"ta_alpha",-4.33359198461276e-08,-6.8321181898884e-07,-1.03315568730221e-07,1.40673882974314e-07,0,0,0,0,0,0,0,0,0,0,0,0,0,0,0,0,0,4.38617049362463e-07,4.26517110185795e-07,1.01162725342764e-06,5.71115228974406e-07,-6.88819068587881e-07,3.06094421767469e-07,1.90260398542414e-07,3.6842834052799e-08,-2.82285807895508e-07,-7.97141389097628e-07,3.55877853899747e-07,7.07992974111049e-08,-2.18649914117396e-07,1.50626794939298e-09,-2.32680527822335e-09,-1.98769733725872e-09,2.24559788937448e-09,1.68516932006387e-09,1.74712724067461e-09,2.42048158044197e-09,9.90197465926043e-10,1.88920859475732e-10,-1.6861327132735e-09,1.30198867755212e-06,-2.40693105115862e-06,-6.21490772516486e-07,-7.85634801978642e-07,4.59598519733472e-09,0,0,2.58475305006177e-07
"east_of_england","beta1",0,0,0,0,2.61685472458841e-06,-2.94411046951627e-07,5.35273619506367e-07,-1.5292716579831e-07,4.75710853759683e-08,1.03986604482134e-08,-9.53130354286315e-08,2.44178548098432e-08,-2.13743637671882e-08,-2.35865241669934e-06,3.18551155613492e-08,-2.62282627118253e-08,3.25936060223418e-08,-1.20300544599507e-07,4.83767702432e-08,4.90245963832407e-09,2.13382079693713e-07,0,0,0,0,0,0,0,0,0,0,0,0,0,0,0,0,0,0,0,0,0,0,0,0,0,0,0,0,7.57466398910148e-05,0.000683492373205964,0
"east_of_england","beta10",0,0,0,0,-2.94411046951627e-07,6.33173116485798e-07,-7.13137369192412e-07,1.20311007679273e-07,-7.23634114638854e-09,-4.1447292022905e-08,5.02523926957743e-08,-5.49212773987999e-09,1.90378304918861e-09,-1.52875327136744e-07,2.80503225710556e-08,-1.7308590828314e-08,4.74457639827326e-08,-2.66322758067434e-09,-8.08138710508252e-08,2.58972932112925e-07,-6.01149590456451e-07,0,0,0,0,0,0,0,0,0,0,0,0,0,0,0,0,0,0,0,0,0,0,0,0,0,0,0,0,-4.71552105112022e-05,-9.69013853431023e-05,0
"east_of_england","beta11",0,0,0,0,5.35273619506367e-07,-7.13137369192412e-07,1.38141966980122e-06,-5.14439547610965e-07,1.75882638123973e-07,-6.64566439102744e-08,1.05274602396975e-08,-4.44913604168884e-09,1.07564630526236e-08,8.40641683314296e-08,-3.88719316694026e-08,1.42265561381168e-08,-3.27198429752667e-08,4.67942269348194e-09,1.6565843677842e-08,-8.44813581672425e-08,4.45283825730467e-07,0,0,0,0,0,0,0,0,0,0,0,0,0,0,0,0,0,0,0,0,0,0,0,0,0,0,0,0,0.000141638173289386,0.000161779006940899,0
"east_of_england","beta12",0,0,0,0,-1.5292716579831e-07,1.20311007679273e-07,-5.14439547610965e-07,4.66121890399489e-07,-2.76069946699661e-07,2.15958775223672e-07,-8.35848786736284e-08,1.38188576155154e-08,-1.63366869862113e-08,1.98168694142941e-07,-7.17497494100639e-09,5.22419049647469e-09,-8.93145381227242e-09,-2.41662719077442e-09,4.35509821235445e-08,-2.82362024386917e-08,-7.29474506790292e-08,0,0,0,0,0,0,0,0,0,0,0,0,0,0,0,0,0,0,0,0,0,0,0,0,0,0,0,0,-3.17205445507205e-05,-3.74863359773384e-05,0
"east_of_england","beta13",0,0,0,0,4.75710853759683e-08,-7.23634114638854e-09,1.75882638123973e-07,-2.76069946699661e-07,2.57910235448418e-07,-2.30481714495598e-07,8.38719462202762e-08,-9.70874537843307e-09,1.82881007700279e-08,-2.60688746582594e-07,1.84405885542513e-08,-5.55735824681527e-09,9.25801269870168e-09,-5.77526192025388e-09,-4.60174545075253e-09,-1.76340600320583e-08,2.69547141013912e-08,0,0,0,0,0,0,0,0,0,0,0,0,0,0,0,0,0,0,0,0,0,0,0,0,0,0,0,0,2.85150068559882e-05,2.29807895638362e-06,0
"east_of_england","beta14",0,0,0,0,1.03986604482134e-08,-4.1447292022905e-08,-6.64566439102744e-08,2.15958775223672e-07,-2.30481714495598e-07,4.3945806849569e-07,-2.87701851170933e-07,3.3248974549722e-08,-3.10186633074031e-08,4.69603450620562e-07,-4.79242299011899e-08,1.81609406072916e-08,-2.41272894558627e-08,4.63596241599352e-09,3.20388371099533e-08,1.6193245238052e-08,-2.2457156848732e-08,0,0,0,0,0,0,0,0,0,0,0,0,0,0,0,0,0,0,0,0,0,0,0,0,0,0,0,0,1.98476272792536e-05,1.81273095034148e-05,0
"east_of_england","beta15",0,0,0,0,-9.53130354286315e-08,5.02523926957743e-08,1.05274602396975e-08,-8.35848786736284e-08,8.38719462202762e-08,-2.87701851170933e-07,4.022007589895e-07,-7.28404712141934e-08,6.33317537485194e-08,-2.60082177095771e-07,4.02813949050461e-08,-1.93230184239888e-08,3.01341749717365e-08,7.99811647489786e-09,-5.38772609313785e-08,4.05415940884975e-08,-1.37728270661638e-08,0,0,0,0,0,0,0,0,0,0,0,0,0,0,0,0,0,0,0,0,0,0,0,0,0,0,0,0,-1.00767519032656e-05,-3.86459832441444e-05,0
"east_of_england","beta16",0,0,0,0,2.44178548098432e-08,-5.49212773987999e-09,-4.44913604168884e-09,1.38188576155154e-08,-9.70874537843307e-09,3.3248974549722e-08,-7.28404712141934e-08,2.4364464094629e-08,-2.48353635896801e-08,-6.27975254752422e-09,-4.0554483923593e-09,1.27767193119334e-09,1.08996726851424e-09,-1.34111813387642e-08,1.87533729367492e-08,-1.9176367298185e-08,8.05116725081992e-09,0,0,0,0,0,0,0,0,0,0,0,0,0,0,0,0,0,0,0,0,0,0,0,0,0,0,0,0,2.8897676626997e-06,6.96415802748702e-06,0
"east_of_england","beta17",0,0,0,0,-2.13743637671882e-08,1.90378304918861e-09,1.07564630526236e-08,-1.63366869862113e-08,1.82881007700279e-08,-3.10186633074031e-08,6.33317537485194e-08,-2.48353635896801e-08,3.67792877504058e-08,3.78397262901418e-08,2.03275151839649e-10,5.43148170726822e-10,-5.51079732655408e-09,2.18140363057849e-08,-2.30482581599501e-08,2.15632061286654e-08,-5.04557959935137e-10,0,0,0,0,0,0,0,0,0,0,0,0,0,0,0,0,0,0,0,0,0,0,0,0,0,0,0,0,4.36856033721726e-07,-6.54021992530434e-06,0
"east_of_england","beta2",0,0,0,0,-2.35865241669934e-06,-1.52875327136744e-07,8.40641683314296e-08,1.98168694142941e-07,-2.60688746582594e-07,4.69603450620562e-07,-2.60082177095771e-07,-6.27975254752422e-09,3.78397262901418e-08,1.25256930281818e-05,-8.70777518827796e-07,2.94204405226473e-07,-1.7136952576337e-07,2.3575981565274e-07,-2.62170686614356e-07,4.80292713256199e-07,-2.68430284678734e-07,0,0,0,0,0,0,0,0,0,0,0,0,0,0,0,0,0,0,0,0,0,0,0,0,0,0,0,0,3.14870728252873e-05,-0.000183242406803983,0
"east_of_england","beta3",0,0,0,0,3.18551155613492e-08,2.80503225710556e-08,-3.88719316694026e-08,-7.17497494100639e-09,1.84405885542513e-08,-4.79242299011899e-08,4.02813949050461e-08,-4.0554483923593e-09,2.03275151839649e-10,-8.70777518827796e-07,1.69522973186128e-07,-9.54867564173449e-08,7.55370857023258e-08,-4.50128667286619e-08,4.6178219563603e-08,-7.05067412200236e-08,1.93259193004831e-08,0,0,0,0,0,0,0,0,0,0,0,0,0,0,0,0,0,0,0,0,0,0,0,0,0,0,0,0,-1.07457350769943e-05,-1.05138001101084e-05,0
"east_of_england","beta4",0,0,0,0,-2.62282627118253e-08,-1.7308590828314e-08,1.42265561381168e-08,5.22419049647469e-09,-5.55735824681527e-09,1.81609406072916e-08,-1.93230184239888e-08,1.27767193119334e-09,5.43148170726822e-10,2.94204405226473e-07,-9.54867564173449e-08,8.43579589097242e-08,-1.02976381327204e-07,6.21099670749643e-08,-3.4148182956306e-08,2.80568553148037e-08,4.155535554788e-09,0,0,0,0,0,0,0,0,0,0,0,0,0,0,0,0,0,0,0,0,0,0,0,0,0,0,0,0,3.85317792622542e-06,-3.35300362236057e-06,0
"east_of_england","beta5",0,0,0,0,3.25936060223418e-08,4.74457639827326e-08,-3.27198429752667e-08,-8.93145381227242e-09,9.25801269870168e-09,-2.41272894558627e-08,3.01341749717365e-08,1.08996726851424e-09,-5.51079732655408e-09,-1.7136952576337e-07,7.55370857023258e-08,-1.02976381327204e-07,2.38352772503477e-07,-2.62283168195633e-07,1.29523402693054e-07,-5.56182985318629e-08,-3.5564656904491e-08,0,0,0,0,0,0,0,0,0,0,0,0,0,0,0,0,0,0,0,0,0,0,0,0,0,0,0,0,-1.90165737516494e-06,5.26191302290036e-06,0
"east_of_england","beta6",0,0,0,0,-1.20300544599507e-07,-2.66322758067434e-09,4.67942269348194e-09,-2.41662719077442e-09,-5.77526192025388e-09,4.63596241599352e-09,7.99811647489786e-09,-1.34111813387642e-08,2.18140363057849e-08,2.3575981565274e-07,-4.50128667286619e-08,6.21099670749643e-08,-2.62283168195633e-07,6.13653929853771e-07,-5.02148590429144e-07,3.124448893506e-07,-3.15532391926074e-08,0,0,0,0,0,0,0,0,0,0,0,0,0,0,0,0,0,0,0,0,0,0,0,0,0,0,0,0,-8.6856780577462e-06,-3.09492934266329e-05,0
"east_of_england","beta7",0,0,0,0,4.83767702432e-08,-8.08138710508252e-08,1.6565843677842e-08,4.35509821235445e-08,-4.60174545075253e-09,3.20388371099533e-08,-5.38772609313785e-08,1.87533729367492e-08,-2.30482581599501e-08,-2.62170686614356e-07,4.6178219563603e-08,-3.4148182956306e-08,1.29523402693054e-07,-5.02148590429144e-07,6.85319480531059e-07,-6.90914337504656e-07,2.11696485940711e-07,0,0,0,0,0,0,0,0,0,0,0,0,0,0,0,0,0,0,0,0,0,0,0,0,0,0,0,0,1.2749878872284e-05,9.48795301647854e-06,0
"east_of_england","beta8",0,0,0,0,4.90245963832407e-09,2.58972932112925e-07,-8.44813581672425e-08,-2.82362024386917e-08,-1.76340600320583e-08,1.6193245238052e-08,4.05415940884975e-08,-1.9176367298185e-08,2.15632061286654e-08,4.80292713256199e-07,-7.05067412200236e-08,2.80568553148037e-08,-5.56182985318629e-08,3.124448893506e-07,-6.90914337504656e-07,1.24119380991101e-06,-8.12705299186715e-07,0,0,0,0,0,0,0,0,0,0,0,0,0,0,0,0,0,0,0,0,0,0,0,0,0,0,0,0,1.20648291911918e-05,1.15468072973484e-05,0
"east_of_england","beta9",0,0,0,0,2.13382079693713e-07,-6.01149590456451e-07,4.45283825730467e-07,-7.29474506790292e-08,2.69547141013912e-08,-2.2457156848732e-08,-1.37728270661638e-08,8.05116725081992e-09,-5.04557959935137e-10,-2.68430284678734e-07,1.93259193004831e-08,4.155535554788e-09,-3.5564656904491e-08,-3.15532391926074e-08,2.11696485940711e-07,-8.12705299186715e-07,1.12932862173406e-06,0,0,0,0,0,0,0,0,0,0,0,0,0,0,0,0,0,0,0,0,0,0,0,0,0,0,0,0,-2.24947406372761e-05,5.34025891687188e-05,0
"east_of_england","seed_date_alpha",0,0,0,0,7.57466398910148e-05,-4.71552105112022e-05,0.000141638173289386,-3.17205445507205e-05,2.85150068559882e-05,1.98476272792536e-05,-1.00767519032656e-05,2.8897676626997e-06,4.36856033721726e-07,3.14870728252873e-05,-1.07457350769943e-05,3.85317792622542e-06,-1.90165737516494e-06,-8.6856780577462e-06,1.2749878872284e-05,1.20648291911918e-05,-2.24947406372761e-05,0,0,0,0,0,0,0,0,0,0,0,0,0,0,0,0,0,0,0,0,0,0,0,0,0,0,0,0,0.057609394503293,0.0233806844559144,0
"east_of_england","start_date",0,0,0,0,0.000683492373205964,-9.69013853431023e-05,0.000161779006940899,-3.74863359773384e-05,2.29807895638362e-06,1.81273095034148e-05,-3.86459832441444e-05,6.96415802748702e-06,-6.54021992530434e-06,-0.000183242406803983,-1.05138001101084e-05,-3.35300362236057e-06,5.26191302290036e-06,-3.09492934266329e-05,9.48795301647854e-06,1.15468072973484e-05,5.34025891687188e-05,0,0,0,0,0,0,0,0,0,0,0,0,0,0,0,0,0,0,0,0,0,0,0,0,0,0,0,0,0.0233806844559144,0.202510173590946,0
"london","beta1",0,0,0,0,5.13080257194214e-07,1.16687858307314e-08,-1.10212390636504e-08,2.63776994579936e-08,-1.53246320083028e-08,-8.5882810750004e-09,5.02760615250569e-08,-1.42448163326611e-08,1.26854507185064e-08,-6.04983350392272e-07,8.03988644389103e-09,-9.25681427465448e-09,6.48675434385697e-08,-1.00933147318257e-07,9.19355575278963e-08,-8.92806690658661e-08,6.02719947876994e-09,0,0,0,0,0,0,0,0,0,0,0,0,0,0,0,0,0,0,0,0,0,0,0,0,0,0,0,0,7.74558717550764e-07,0.000462066973133513,0
"london","beta10",0,0,0,0,1.16687858307314e-08,3.93248116657194e-07,-5.38631925630823e-07,2.04304361200001e-07,-8.44628479396979e-08,9.29082010954176e-08,-3.00234875506117e-08,2.8940917249521e-09,8.67126132790753e-09,2.80227518730389e-07,-4.9169817675383e-08,4.29625116145499e-08,-3.08513690746653e-08,2.03393754587608e-08,-1.09013142022159e-08,1.59632028347225e-07,-3.43005738156023e-07,0,0,0,0,0,0,0,0,0,0,0,0,0,0,0,0,0,0,0,0,0,0,0,0,0,0,0,0,1.11755836969739e-05,1.46034394228005e-05,0
"london","beta11",0,0,0,0,-1.10212390636504e-08,-5.38631925630823e-07,1.11692833306413e-06,-5.73258485642358e-07,2.15072644442432e-07,-1.73443384356718e-07,2.56124293436635e-08,3.01652177024637e-09,-7.14710958126787e-09,-5.53218346709471e-07,8.41659465846735e-08,-5.68816816064957e-08,-1.40218907349783e-08,1.10169528134143e-07,-7.22256970131345e-08,-8.35369657450284e-08,3.44541743631464e-07,0,0,0,0,0,0,0,0,0,0,0,0,0,0,0,0,0,0,0,0,0,0,0,0,0,0,0,0,2.0020675292948e-08,-3.08123305864084e-05,0
"london","beta12",0,0,0,0,2.63776994579936e-08,2.04304361200001e-07,-5.73258485642358e-07,4.82556324037034e-07,-2.45195809087441e-07,1.78035350482967e-07,-1.53825258124552e-08,-3.99148026485785e-09,5.45264681419401e-09,1.96025720038279e-07,-2.6423236081856e-08,1.21103224900968e-09,7.03279957315022e-08,-1.08432838592034e-07,4.59541712642321e-08,4.65633233787823e-08,-1.20546557867743e-07,0,0,0,0,0,0,0,0,0,0,0,0,0,0,0,0,0,0,0,0,0,0,0,0,0,0,0,0,3.57571409931415e-06,2.79727648299514e-05,0
"london","beta13",0,0,0,0,-1.53246320083028e-08,-8.44628479396979e-08,2.15072644442432e-07,-2.45195809087441e-07,2.15916035901707e-07,-2.22832722863574e-07,7.37307682349596e-08,-3.11366507258623e-10,7.95328299297097e-09,1.33751595238853e-07,-2.62151264251136e-08,4.16570687190964e-08,-9.00005856396649e-08,8.80255756227748e-08,-6.39928210569166e-09,-4.49783386656601e-08,6.83367207093069e-08,0,0,0,0,0,0,0,0,0,0,0,0,0,0,0,0,0,0,0,0,0,0,0,0,0,0,0,0,-3.676726293471e-07,-8.68253115698192e-06,0
"london","beta14",0,0,0,0,-8.5882810750004e-09,9.29082010954176e-08,-1.73443384356718e-07,1.78035350482967e-07,-2.22832722863574e-07,4.59629788591463e-07,-2.7746837193671e-07,2.03795792798059e-08,-1.28669519905756e-08,-1.18369998175739e-07,4.13067324636748e-08,-6.97226318259672e-08,1.50230526705444e-07,-1.15581754664281e-07,1.66077631536095e-08,3.82415167443776e-08,-4.4486385387234e-08,0,0,0,0,0,0,0,0,0,0,0,0,0,0,0,0,0,0,0,0,0,0,0,0,0,0,0,0,6.52517839168708e-06,-1.9419008768071e-05,0
"london","beta15",0,0,0,0,5.02760615250569e-08,-3.00234875506117e-08,2.56124293436635e-08,-1.53825258124552e-08,7.37307682349596e-08,-2.7746837193671e-07,3.50880892433305e-07,-5.19721139328215e-08,4.29724534405631e-08,1.35185784198977e-07,-4.21540358810978e-08,5.81536353923633e-08,-9.77451610136381e-08,4.00399614372066e-08,3.72083074716669e-08,-6.34152018251936e-08,4.08653901487982e-08,0,0,0,0,0,0,0,0,0,0,0,0,0,0,0,0,0,0,0,0,0,0,0,0,0,0,0,0,-1.10806353145279e-06,5.42679433843296e-05,0
"london","beta16",0,0,0,0,-1.42448163326611e-08,2.8940917249521e-09,3.01652177024637e-09,-3.99148026485785e-09,-3.11366507258623e-10,2.03795792798059e-08,-5.19721139328215e-08,2.1663466807264e-08,-2.2341158048185e-08,-1.28093753888604e-08,2.3653916142072e-09,-1.34516521221272e-09,9.52010474520932e-10,3.65770023998974e-09,-5.55526727159932e-09,1.31587709907912e-08,-6.59408365946143e-09,0,0,0,0,0,0,0,0,0,0,0,0,0,0,0,0,0,0,0,0,0,0,0,0,0,0,0,0,-4.67347500809678e-07,-1.52933873418823e-05,0
"london","beta17",0,0,0,0,1.26854507185064e-08,8.67126132790753e-09,-7.14710958126787e-09,5.45264681419401e-09,7.95328299297097e-09,-1.28669519905756e-08,4.29724534405631e-08,-2.2341158048185e-08,3.82716014347284e-08,5.15427531073763e-08,-3.2077185692662e-09,-1.49530649682422e-09,7.57566583187694e-09,9.39446670807741e-09,-2.66028905335528e-09,2.79566408854838e-09,3.45161803042788e-09,0,0,0,0,0,0,0,0,0,0,0,0,0,0,0,0,0,0,0,0,0,0,0,0,0,0,0,0,7.34813810509156e-07,1.1309609694761e-05,0
"london","beta2",0,0,0,0,-6.04983350392272e-07,2.80227518730389e-07,-5.53218346709471e-07,1.96025720038279e-07,1.33751595238853e-07,-1.18369998175739e-07,1.35185784198977e-07,-1.28093753888604e-08,5.15427531073763e-08,6.58883185646474e-06,-9.36681070873438e-07,6.81748758119055e-07,-7.22722993149006e-07,5.67004189226628e-07,-2.01557532364828e-07,1.90376539001289e-07,-5.0113296055915e-08,0,0,0,0,0,0,0,0,0,0,0,0,0,0,0,0,0,0,0,0,0,0,0,0,0,0,0,0,-1.76006558386536e-05,-0.000300091258452214,0
"london","beta3",0,0,0,0,8.03988644389103e-09,-4.9169817675383e-08,8.41659465846735e-08,-2.6423236081856e-08,-2.62151264251136e-08,4.13067324636748e-08,-4.21540358810978e-08,2.3653916142072e-09,-3.2077185692662e-09,-9.36681070873438e-07,2.11513241699077e-07,-1.77060101343489e-07,1.82515489639196e-07,-1.26551023760865e-07,3.27322165770152e-08,-2.54882698195048e-08,2.20536026292969e-08,0,0,0,0,0,0,0,0,0,0,0,0,0,0,0,0,0,0,0,0,0,0,0,0,0,0,0,0,4.81501843686238e-06,-2.01268787852542e-05,0
"london","beta4",0,0,0,0,-9.25681427465448e-09,4.29625116145499e-08,-5.68816816064957e-08,1.21103224900968e-09,4.16570687190964e-08,-6.97226318259672e-08,5.81536353923633e-08,-1.34516521221272e-09,-1.49530649682422e-09,6.81748758119055e-07,-1.77060101343489e-07,1.83548528306029e-07,-2.32242155107005e-07,1.56757637032008e-07,-4.2867997632586e-08,2.83158127749867e-08,-2.85157363781854e-08,0,0,0,0,0,0,0,0,0,0,0,0,0,0,0,0,0,0,0,0,0,0,0,0,0,0,0,0,-3.10427193516236e-06,9.75997767187389e-06,0
"london","beta5",0,0,0,0,6.48675434385697e-08,-3.08513690746653e-08,-1.40218907349783e-08,7.03279957315022e-08,-9.00005856396649e-08,1.50230526705444e-07,-9.77451610136381e-08,9.52010474520932e-10,7.57566583187694e-09,-7.22722993149006e-07,1.82515489639196e-07,-2.32242155107005e-07,4.47956080146022e-07,-4.20973809777406e-07,1.77562012703887e-07,-1.05519745617703e-07,5.52723166148837e-08,0,0,0,0,0,0,0,0,0,0,0,0,0,0,0,0,0,0,0,0,0,0,0,0,0,0,0,0,-5.70877759412068e-06,3.52947919027992e-05,0
"london","beta6",0,0,0,0,-1.00933147318257e-07,2.03393754587608e-08,1.10169528134143e-07,-1.08432838592034e-07,8.80255756227748e-08,-1.15581754664281e-07,4.00399614372066e-08,3.65770023998974e-09,9.39446670807741e-09,5.67004189226628e-07,-1.26551023760865e-07,1.56757637032008e-07,-4.20973809777406e-07,7.27007323729194e-07,-5.07921358302049e-07,3.71184666586216e-07,-1.11787092256293e-07,0,0,0,0,0,0,0,0,0,0,0,0,0,0,0,0,0,0,0,0,0,0,0,0,0,0,0,0,8.98784429023526e-06,-8.39085815707227e-05,0
"london","beta7",0,0,0,0,9.19355575278963e-08,-1.09013142022159e-08,-7.22256970131345e-08,4.59541712642321e-08,-6.39928210569166e-09,1.66077631536095e-08,3.72083074716669e-08,-5.55526727159932e-09,-2.66028905335528e-09,-2.01557532364828e-07,3.27322165770152e-08,-4.2867997632586e-08,1.77562012703887e-07,-5.07921358302049e-07,6.14497601339956e-07,-6.13089201583746e-07,1.58841468704571e-07,0,0,0,0,0,0,0,0,0,0,0,0,0,0,0,0,0,0,0,0,0,0,0,0,0,0,0,0,-4.54501299606669e-06,7.98100427098815e-05,0
"london","beta8",0,0,0,0,-8.92806690658661e-08,1.59632028347225e-07,-8.35369657450284e-08,4.65633233787823e-08,-4.49783386656601e-08,3.82415167443776e-08,-6.34152018251936e-08,1.31587709907912e-08,2.79566408854838e-09,1.90376539001289e-07,-2.54882698195048e-08,2.83158127749867e-08,-1.05519745617703e-07,3.71184666586216e-07,-6.13089201583746e-07,9.64314391385728e-07,-4.60074683153893e-07,0,0,0,0,0,0,0,0,0,0,0,0,0,0,0,0,0,0,0,0,0,0,0,0,0,0,0,0,1.15778072005403e-05,-8.78288822102012e-05,0
"london","beta9",0,0,0,0,6.02719947876994e-09,-3.43005738156023e-07,3.44541743631464e-07,-1.20546557867743e-07,6.83367207093069e-08,-4.4486385387234e-08,4.08653901487982e-08,-6.59408365946143e-09,3.45161803042788e-09,-5.0113296055915e-08,2.20536026292969e-08,-2.85157363781854e-08,5.52723166148837e-08,-1.11787092256293e-07,1.58841468704571e-07,-4.60074683153893e-07,5.35846820563871e-07,0,0,0,0,0,0,0,0,0,0,0,0,0,0,0,0,0,0,0,0,0,0,0,0,0,0,0,0,-1.9620599074691e-05,9.93246913238142e-06,0
"london","seed_date_alpha",0,0,0,0,7.74558717550764e-07,1.11755836969739e-05,2.0020675292948e-08,3.57571409931415e-06,-3.676726293471e-07,6.52517839168708e-06,-1.10806353145279e-06,-4.67347500809678e-07,7.34813810509156e-07,-1.76006558386536e-05,4.81501843686238e-06,-3.10427193516236e-06,-5.70877759412068e-06,8.98784429023526e-06,-4.54501299606669e-06,1.15778072005403e-05,-1.9620599074691e-05,0,0,0,0,0,0,0,0,0,0,0,0,0,0,0,0,0,0,0,0,0,0,0,0,0,0,0,0,0.0107807547665775,0.000607636516046672,0
"london","start_date",0,0,0,0,0.000462066973133513,1.46034394228005e-05,-3.08123305864084e-05,2.79727648299514e-05,-8.68253115698192e-06,-1.9419008768071e-05,5.42679433843296e-05,-1.52933873418823e-05,1.1309609694761e-05,-0.000300091258452214,-2.01268787852542e-05,9.75997767187389e-06,3.52947919027992e-05,-8.39085815707227e-05,7.98100427098815e-05,-8.78288822102012e-05,9.93246913238142e-06,0,0,0,0,0,0,0,0,0,0,0,0,0,0,0,0,0,0,0,0,0,0,0,0,0,0,0,0,0.000607636516046672,0.433052713295061,0
"midlands","beta1",0,0,0,0,2.96869161174409e-06,4.20734944056207e-08,-4.99736999481703e-08,-3.34088957752307e-08,7.71676316653963e-08,-1.59798588782275e-07,9.66165125190968e-08,-3.23629731254154e-08,2.70336188301731e-08,-2.80294379162442e-06,1.21957355006497e-07,-1.07654735084187e-07,1.76778881586652e-07,-1.41936998229067e-07,8.4236195382057e-08,-4.51897574537344e-08,-6.5779716146407e-08,0,0,0,0,0,0,0,0,0,0,0,0,0,0,0,0,0,0,0,0,0,0,0,0,0,0,0,0,-2.60087139248541e-05,0.000999638991670808,0
"midlands","beta10",0,0,0,0,4.20734944056207e-08,3.08397260100678e-07,-3.27995912771633e-07,5.71572317746351e-08,4.56678647950792e-09,3.34672558022562e-09,-1.81150470442085e-08,1.17934413978e-08,-7.45479442638959e-09,-1.30618437717739e-07,1.31802621262774e-08,-3.87080344484613e-09,-2.09602124218879e-08,6.90158563621276e-08,-9.26677311433633e-08,2.158468657016e-07,-3.33854664799866e-07,0,0,0,0,0,0,0,0,0,0,0,0,0,0,0,0,0,0,0,0,0,0,0,0,0,0,0,0,-3.82818788368922e-05,1.07605784684179e-05,0
"midlands","beta11",0,0,0,0,-4.99736999481703e-08,-3.27995912771633e-07,6.57137522649678e-07,-2.68268700696224e-07,8.75442562890744e-08,-4.99249247515239e-08,3.25036436183339e-08,-1.50251592269237e-08,2.36073595015374e-08,3.13097613754668e-07,-4.33325668495589e-08,1.77522054933065e-08,-7.02588898057556e-09,-2.14562096440387e-08,3.7786586593388e-08,-1.22563728784612e-07,2.77163436243818e-07,0,0,0,0,0,0,0,0,0,0,0,0,0,0,0,0,0,0,0,0,0,0,0,0,0,0,0,0,7.8760786738966e-05,-1.4646779814938e-05,0
"midlands","beta12",0,0,0,0,-3.34088957752307e-08,5.71572317746351e-08,-2.68268700696224e-07,2.75325752080951e-07,-1.86466189014132e-07,1.56825693638021e-07,-6.13376471007749e-08,9.95367950957257e-09,-1.57746328655377e-08,-1.06772899284721e-07,1.73749107648079e-08,-1.00204199824526e-08,3.11346340036855e-08,-5.10388113472312e-08,5.5140308587896e-08,-5.59674680400404e-08,-3.04830040913621e-08,0,0,0,0,0,0,0,0,0,0,0,0,0,0,0,0,0,0,0,0,0,0,0,0,0,0,0,0,-1.95507844922542e-05,-1.23170757630348e-05,0
"midlands","beta13",0,0,0,0,7.71676316653963e-08,4.56678647950792e-09,8.75442562890744e-08,-1.86466189014132e-07,2.0723940673966e-07,-2.45761317470477e-07,1.19445359398643e-07,-2.55461770001937e-09,1.04885375798602e-08,-4.95643925147688e-08,6.16827021335363e-10,2.46986923107445e-09,-2.56978490307194e-08,6.11233694685254e-08,-6.690180445971e-08,8.25447080832816e-08,-1.05144442391201e-08,0,0,0,0,0,0,0,0,0,0,0,0,0,0,0,0,0,0,0,0,0,0,0,0,0,0,0,0,1.36871148058889e-05,2.02677155915633e-05,0
"midlands","beta14",0,0,0,0,-1.59798588782275e-07,3.34672558022562e-09,-4.99249247515239e-08,1.56825693638021e-07,-2.45761317470477e-07,5.38426919850435e-07,-3.5520588629968e-07,1.65917896590491e-08,-1.66216444348453e-08,1.88639992969805e-07,-1.10393289094099e-08,-1.83047984879734e-09,2.70637220852213e-08,-5.82542421316342e-08,5.43258850918185e-08,-4.00600011334471e-08,-2.48326108502449e-08,0,0,0,0,0,0,0,0,0,0,0,0,0,0,0,0,0,0,0,0,0,0,0,0,0,0,0,0,1.75766225036992e-05,-4.79433394067367e-05,0
"midlands","beta15",0,0,0,0,9.66165125190968e-08,-1.81150470442085e-08,3.25036436183339e-08,-6.13376471007749e-08,1.19445359398643e-07,-3.5520588629968e-07,5.02505667107339e-07,-4.97536091178428e-08,4.30549572305174e-08,-8.26024006959031e-09,-1.18990499787841e-08,1.42523795044775e-08,1.46157382841912e-10,-1.50720065883231e-08,3.20948393944164e-08,-7.44916841858854e-08,8.15840678660003e-08,0,0,0,0,0,0,0,0,0,0,0,0,0,0,0,0,0,0,0,0,0,0,0,0,0,0,0,0,2.12019174322509e-05,2.99441926712097e-05,0
"midlands","beta16",0,0,0,0,-3.23629731254154e-08,1.17934413978e-08,-1.50251592269237e-08,9.95367950957257e-09,-2.55461770001937e-09,1.65917896590491e-08,-4.97536091178428e-08,2.05651134621172e-08,-2.00623430150857e-08,1.27899180015225e-08,-1.45580570605354e-09,1.72390805682667e-11,-2.92490782093093e-09,1.55338778002669e-08,-2.07929503855965e-08,3.10140863419421e-08,-1.73139382507751e-08,0,0,0,0,0,0,0,0,0,0,0,0,0,0,0,0,0,0,0,0,0,0,0,0,0,0,0,0,2.05045229496512e-06,-1.4027324531841e-05,0
"midlands","beta17",0,0,0,0,2.70336188301731e-08,-7.45479442638959e-09,2.36073595015374e-08,-1.57746328655377e-08,1.04885375798602e-08,-1.66216444348453e-08,4.30549572305174e-08,-2.00623430150857e-08,2.93694992279086e-08,1.93940648738223e-08,-3.00751349729169e-09,2.1488439113909e-09,-3.16676230538737e-09,-7.09375462844786e-09,1.33205591221783e-08,-1.25137245335856e-08,8.03160089535692e-09,0,0,0,0,0,0,0,0,0,0,0,0,0,0,0,0,0,0,0,0,0,0,0,0,0,0,0,0,1.16165936455269e-06,1.14794890510761e-05,0
"midlands","beta2",0,0,0,0,-2.80294379162442e-06,-1.30618437717739e-07,3.13097613754668e-07,-1.06772899284721e-07,-4.95643925147688e-08,1.88639992969805e-07,-8.26024006959031e-09,1.27899180015225e-08,1.93940648738223e-08,8.84087502662916e-06,-7.60897299507288e-07,2.97514336998434e-07,-1.4902322628054e-07,-5.12931141751422e-08,1.09261153162988e-07,-7.22122997527096e-08,1.40198312725545e-07,0,0,0,0,0,0,0,0,0,0,0,0,0,0,0,0,0,0,0,0,0,0,0,0,0,0,0,0,4.6336541060438e-05,-0.0006892196358252,0
"midlands","beta3",0,0,0,0,1.21957355006497e-07,1.31802621262774e-08,-4.33325668495589e-08,1.73749107648079e-08,6.16827021335363e-10,-1.10393289094099e-08,-1.18990499787841e-08,-1.45580570605354e-09,-3.00751349729169e-09,-7.60897299507288e-07,1.43001007466994e-07,-8.40316531920698e-08,5.8781481274533e-08,-2.37730522122051e-08,1.55950619937108e-08,-1.90212054401142e-08,-1.00854108424302e-08,0,0,0,0,0,0,0,0,0,0,0,0,0,0,0,0,0,0,0,0,0,0,0,0,0,0,0,0,-1.03839922445247e-05,2.6408463088259e-05,0
"midlands","beta4",0,0,0,0,-1.07654735084187e-07,-3.87080344484613e-09,1.77522054933065e-08,-1.00204199824526e-08,2.46986923107445e-09,-1.83047984879734e-09,1.42523795044775e-08,1.72390805682667e-11,2.1488439113909e-09,2.97514336998434e-07,-8.40316531920698e-08,7.67501936167953e-08,-8.96994971158471e-08,6.2680094999236e-08,-3.79412758789997e-08,3.1185147360951e-08,-2.98216955325686e-10,0,0,0,0,0,0,0,0,0,0,0,0,0,0,0,0,0,0,0,0,0,0,0,0,0,0,0,0,4.78726487862611e-06,-3.57368522665981e-05,0
"midlands","beta5",0,0,0,0,1.76778881586652e-07,-2.09602124218879e-08,-7.02588898057556e-09,3.11346340036855e-08,-2.56978490307194e-08,2.70637220852213e-08,1.46157382841912e-10,-2.92490782093093e-09,-3.16676230538737e-09,-1.4902322628054e-07,5.8781481274533e-08,-8.96994971158471e-08,2.05433484090466e-07,-2.3457619830054e-07,1.31722231476557e-07,-9.72625154449914e-08,4.26166813125856e-08,0,0,0,0,0,0,0,0,0,0,0,0,0,0,0,0,0,0,0,0,0,0,0,0,0,0,0,0,-2.12993901331126e-06,6.47647429452618e-05,0
"midlands","beta6",0,0,0,0,-1.41936998229067e-07,6.90158563621276e-08,-2.14562096440387e-08,-5.10388113472312e-08,6.11233694685254e-08,-5.82542421316342e-08,-1.50720065883231e-08,1.55338778002669e-08,-7.09375462844786e-09,-5.12931141751422e-08,-2.37730522122051e-08,6.2680094999236e-08,-2.3457619830054e-07,4.48572309896307e-07,-3.52116307085305e-07,2.66820216268731e-07,-1.11468818021841e-07,0,0,0,0,0,0,0,0,0,0,0,0,0,0,0,0,0,0,0,0,0,0,0,0,0,0,0,0,3.8094432854494e-06,-6.19985400253584e-05,0
"midlands","beta7",0,0,0,0,8.4236195382057e-08,-9.26677311433633e-08,3.7786586593388e-08,5.5140308587896e-08,-6.690180445971e-08,5.43258850918185e-08,3.20948393944164e-08,-2.07929503855965e-08,1.33205591221783e-08,1.09261153162988e-07,1.55950619937108e-08,-3.79412758789997e-08,1.31722231476557e-07,-3.52116307085305e-07,4.38483432082952e-07,-4.55161212636784e-07,1.62980913497027e-07,0,0,0,0,0,0,0,0,0,0,0,0,0,0,0,0,0,0,0,0,0,0,0,0,0,0,0,0,-1.9968465425736e-06,4.27936186572822e-05,0
"midlands","beta8",0,0,0,0,-4.51897574537344e-08,2.158468657016e-07,-1.22563728784612e-07,-5.59674680400404e-08,8.25447080832816e-08,-4.00600011334471e-08,-7.44916841858854e-08,3.10140863419421e-08,-1.25137245335856e-08,-7.22122997527096e-08,-1.90212054401142e-08,3.1185147360951e-08,-9.72625154449914e-08,2.66820216268731e-07,-4.55161212636784e-07,7.23659982760259e-07,-4.12756411626271e-07,0,0,0,0,0,0,0,0,0,0,0,0,0,0,0,0,0,0,0,0,0,0,0,0,0,0,0,0,-5.88207955728866e-06,-2.98087469296651e-05,0
"midlands","beta9",0,0,0,0,-6.5779716146407e-08,-3.33854664799866e-07,2.77163436243818e-07,-3.04830040913621e-08,-1.05144442391201e-08,-2.48326108502449e-08,8.15840678660003e-08,-1.73139382507751e-08,8.03160089535692e-09,1.40198312725545e-07,-1.00854108424302e-08,-2.98216955325686e-10,4.26166813125856e-08,-1.11468818021841e-07,1.62980913497027e-07,-4.12756411626271e-07,5.18735707418317e-07,0,0,0,0,0,0,0,0,0,0,0,0,0,0,0,0,0,0,0,0,0,0,0,0,0,0,0,0,2.25599629532124e-05,-2.31743613092301e-05,0
"midlands","seed_date_alpha",0,0,0,0,-2.60087139248541e-05,-3.82818788368922e-05,7.8760786738966e-05,-1.95507844922542e-05,1.36871148058889e-05,1.75766225036992e-05,2.12019174322509e-05,2.05045229496512e-06,1.16165936455269e-06,4.6336541060438e-05,-1.03839922445247e-05,4.78726487862611e-06,-2.12993901331126e-06,3.8094432854494e-06,-1.9968465425736e-06,-5.88207955728866e-06,2.25599629532124e-05,0,0,0,0,0,0,0,0,0,0,0,0,0,0,0,0,0,0,0,0,0,0,0,0,0,0,0,0,0.0442526176328131,-0.0111097730769554,0
"midlands","start_date",0,0,0,0,0.000999638991670808,1.07605784684179e-05,-1.4646779814938e-05,-1.23170757630348e-05,2.02677155915633e-05,-4.79433394067367e-05,2.99441926712097e-05,-1.4027324531841e-05,1.14794890510761e-05,-0.0006892196358252,2.6408463088259e-05,-3.57368522665981e-05,6.47647429452618e-05,-6.19985400253584e-05,4.27936186572822e-05,-2.98087469296651e-05,-2.31743613092301e-05,0,0,0,0,0,0,0,0,0,0,0,0,0,0,0,0,0,0,0,0,0,0,0,0,0,0,0,0,-0.0111097730769554,0.352580361324225,0
"north_east_and_yorkshire","beta1",0,0,0,0,5.48095364706614e-06,-9.50337588618821e-08,7.02583399532998e-08,3.26935057885256e-08,-5.60273224765459e-08,2.99178183336981e-07,-4.80438597916811e-08,3.34992291093462e-08,-5.75748460440047e-08,-6.28084309139585e-06,2.06672072736096e-07,-3.21357056585602e-08,-1.41030438177967e-07,4.15719684031826e-07,-2.88979525197279e-07,2.20849979094232e-07,2.31445946183106e-08,0,0,0,0,0,0,0,0,0,0,0,0,0,0,0,0,0,0,0,0,0,0,0,0,0,0,0,0,0.000109345794466259,0.000756770143083116,0
"north_east_and_yorkshire","beta10",0,0,0,0,-9.50337588618821e-08,1.73772496234869e-07,-2.06107740439748e-07,5.09685287384795e-08,-2.5878576262038e-08,4.2416095948013e-08,-2.17977081492282e-08,3.96317631830117e-10,-1.31942879389208e-09,1.00812500591334e-07,-1.17683217004277e-09,-1.40121010156559e-09,-1.90317548100648e-09,3.33810761572929e-08,-6.51874972253483e-08,1.26808911410084e-07,-1.81046852515123e-07,0,0,0,0,0,0,0,0,0,0,0,0,0,0,0,0,0,0,0,0,0,0,0,0,0,0,0,0,-3.9169414883724e-05,-1.42418742899276e-05,0
"north_east_and_yorkshire","beta11",0,0,0,0,7.02583399532998e-08,-2.06107740439748e-07,5.23704511132912e-07,-2.81017382301608e-07,1.39928878393972e-07,-1.63406871784982e-07,6.07256655885134e-08,6.33005432088969e-09,-6.24338082715022e-09,-7.47914396646145e-08,2.83937749090843e-08,-2.00709995021008e-08,2.08187965206403e-08,-2.77858718745554e-08,4.01966686909606e-08,-6.48925989345205e-08,1.24242268791268e-07,0,0,0,0,0,0,0,0,0,0,0,0,0,0,0,0,0,0,0,0,0,0,0,0,0,0,0,0,5.62802088135524e-05,1.42324088027965e-05,0
"north_east_and_yorkshire","beta12",0,0,0,0,3.26935057885256e-08,5.09685287384795e-08,-2.81017382301608e-07,3.1067053438238e-07,-2.22531816008158e-07,2.27633065365701e-07,-6.50741598504378e-08,-6.49664285093844e-09,6.80391789318021e-09,-6.99700429771379e-08,-1.80827393033523e-08,1.81507986761361e-08,-1.69241565647974e-08,8.83108393293964e-09,3.854802197043e-09,-1.15398746777202e-08,-9.24338706240241e-09,0,0,0,0,0,0,0,0,0,0,0,0,0,0,0,0,0,0,0,0,0,0,0,0,0,0,0,0,-1.39633330608107e-05,-9.19404018343354e-07,0
"north_east_and_yorkshire","beta13",0,0,0,0,-5.60273224765459e-08,-2.5878576262038e-08,1.39928878393972e-07,-2.22531816008158e-07,2.41760234442547e-07,-3.38276644963496e-07,1.69535695593345e-07,-5.05589075221368e-09,9.8567677780701e-09,7.11320650192834e-08,7.33878487037878e-09,-3.49696463232357e-09,-4.19673555901038e-09,6.34051939795413e-09,-1.91577794797976e-08,3.90663399053445e-08,1.71225157630687e-09,0,0,0,0,0,0,0,0,0,0,0,0,0,0,0,0,0,0,0,0,0,0,0,0,0,0,0,0,1.89029409551717e-05,-5.96851276333579e-06,0
"north_east_and_yorkshire","beta14",0,0,0,0,2.99178183336981e-07,4.2416095948013e-08,-1.63406871784982e-07,2.27633065365701e-07,-3.38276644963496e-07,8.5905434797949e-07,-6.71488528387141e-07,5.59410853659236e-08,-4.38963221404163e-08,-2.31668141765718e-07,2.15871375205061e-09,-1.1038534217348e-08,2.76762290812953e-08,-2.9601772779727e-09,1.72301363079606e-08,-3.54506623848286e-08,-2.16388526802761e-08,0,0,0,0,0,0,0,0,0,0,0,0,0,0,0,0,0,0,0,0,0,0,0,0,0,0,0,0,6.74080645960485e-06,4.3223133550085e-05,0
"north_east_and_yorkshire","beta15",0,0,0,0,-4.80438597916811e-08,-2.17977081492282e-08,6.07256655885134e-08,-6.50741598504378e-08,1.69535695593345e-07,-6.71488528387141e-07,9.01673341475287e-07,-9.31037982069661e-08,6.22470929117501e-08,-1.87943919987618e-07,1.40798589238981e-08,4.61577558626122e-09,-1.78406507310217e-08,-6.30308203985738e-09,1.93598677701169e-08,-2.56645835278263e-08,3.90888932402045e-08,0,0,0,0,0,0,0,0,0,0,0,0,0,0,0,0,0,0,0,0,0,0,0,0,0,0,0,0,3.11960955117834e-05,-1.57059335409424e-05,0
"north_east_and_yorkshire","beta16",0,0,0,0,3.34992291093462e-08,3.96317631830117e-10,6.33005432088969e-09,-6.49664285093844e-09,-5.05589075221368e-09,5.59410853659236e-08,-9.31037982069661e-08,2.91267522284836e-08,-2.22356764475264e-08,2.46585902241999e-09,-2.91068273081673e-09,-1.04269734462776e-10,5.53875804111176e-11,1.14886368783686e-08,-1.29128356334107e-08,1.36238600616495e-08,-6.0517834851602e-09,0,0,0,0,0,0,0,0,0,0,0,0,0,0,0,0,0,0,0,0,0,0,0,0,0,0,0,0,1.07277604732256e-05,5.63654334125997e-06,0
"north_east_and_yorkshire","beta17",0,0,0,0,-5.75748460440047e-08,-1.31942879389208e-09,-6.24338082715022e-09,6.80391789318021e-09,9.8567677780701e-09,-4.38963221404163e-08,6.22470929117501e-08,-2.22356764475264e-08,2.89864611048827e-08,6.35959337694673e-08,-6.38268822537324e-09,6.31707740070524e-09,-3.79340351599915e-09,-1.28492174541761e-08,1.67141591927901e-08,-1.25792050322002e-08,7.31243102449293e-09,0,0,0,0,0,0,0,0,0,0,0,0,0,0,0,0,0,0,0,0,0,0,0,0,0,0,0,0,-5.84775519654685e-06,-9.15442619920375e-06,0
"north_east_and_yorkshire","beta2",0,0,0,0,-6.28084309139585e-06,1.00812500591334e-07,-7.47914396646145e-08,-6.99700429771379e-08,7.11320650192834e-08,-2.31668141765718e-07,-1.87943919987618e-07,2.46585902241999e-09,6.35959337694673e-08,2.16343960628303e-05,-1.19236806659207e-06,3.37051425169307e-07,1.76099012659255e-07,-6.1134003471416e-07,4.77972929118919e-07,-6.05422466029815e-07,1.71528432618631e-07,0,0,0,0,0,0,0,0,0,0,0,0,0,0,0,0,0,0,0,0,0,0,0,0,0,0,0,0,-0.00014791161953741,-0.000389167286653257,0
"north_east_and_yorkshire","beta3",0,0,0,0,2.06672072736096e-07,-1.17683217004277e-09,2.83937749090843e-08,-1.80827393033523e-08,7.33878487037878e-09,2.15871375205061e-09,1.40798589238981e-08,-2.91068273081673e-09,-6.38268822537324e-09,-1.19236806659207e-06,1.98817375522829e-07,-1.16681524130609e-07,8.64187066450585e-08,-2.94264159472941e-08,1.14077650152993e-08,3.0814769311886e-08,-3.43934123380917e-08,0,0,0,0,0,0,0,0,0,0,0,0,0,0,0,0,0,0,0,0,0,0,0,0,0,0,0,0,-7.4840861316147e-07,1.4826042080303e-05,0
"north_east_and_yorkshire","beta4",0,0,0,0,-3.21357056585602e-08,-1.40121010156559e-09,-2.00709995021008e-08,1.81507986761361e-08,-3.49696463232357e-09,-1.1038534217348e-08,4.61577558626122e-09,-1.04269734462776e-10,6.31707740070524e-09,3.37051425169307e-07,-1.16681524130609e-07,9.58476310272507e-08,-1.03984856787697e-07,5.99771560075235e-08,-3.99644175234408e-08,1.72002604718839e-08,1.5645773730404e-08,0,0,0,0,0,0,0,0,0,0,0,0,0,0,0,0,0,0,0,0,0,0,0,0,0,0,0,0,1.73463375692669e-06,-5.77623434934036e-06,0
"north_east_and_yorkshire","beta5",0,0,0,0,-1.41030438177967e-07,-1.90317548100648e-09,2.08187965206403e-08,-1.69241565647974e-08,-4.19673555901038e-09,2.76762290812953e-08,-1.78406507310217e-08,5.53875804111176e-11,-3.79340351599915e-09,1.76099012659255e-07,8.64187066450585e-08,-1.03984856787697e-07,2.23843153858719e-07,-2.63083828189094e-07,1.84330784802478e-07,-1.54602909674278e-07,2.67259776285134e-08,0,0,0,0,0,0,0,0,0,0,0,0,0,0,0,0,0,0,0,0,0,0,0,0,0,0,0,0,-8.72483685277265e-06,-9.21997420102052e-06,0
"north_east_and_yorkshire","beta6",0,0,0,0,4.15719684031826e-07,3.33810761572929e-08,-2.77858718745554e-08,8.83108393293964e-09,6.34051939795413e-09,-2.9601772779727e-09,-6.30308203985738e-09,1.14886368783686e-08,-1.28492174541761e-08,-6.1134003471416e-07,-2.94264159472941e-08,5.99771560075235e-08,-2.63083828189094e-07,5.69860257191806e-07,-5.08111806149684e-07,4.36581009214891e-07,-1.29295875221639e-07,0,0,0,0,0,0,0,0,0,0,0,0,0,0,0,0,0,0,0,0,0,0,0,0,0,0,0,0,1.9745073648659e-05,4.52237105910336e-05,0
"north_east_and_yorkshire","beta7",0,0,0,0,-2.88979525197279e-07,-6.51874972253483e-08,4.01966686909606e-08,3.854802197043e-09,-1.91577794797976e-08,1.72301363079606e-08,1.93598677701169e-08,-1.29128356334107e-08,1.67141591927901e-08,4.77972929118919e-07,1.14077650152993e-08,-3.99644175234408e-08,1.84330784802478e-07,-5.08111806149684e-07,6.30543740909493e-07,-6.73844199585911e-07,2.06023846409929e-07,0,0,0,0,0,0,0,0,0,0,0,0,0,0,0,0,0,0,0,0,0,0,0,0,0,0,0,0,-8.87258665533169e-06,-3.10236906840286e-05,0
"north_east_and_yorkshire","beta8",0,0,0,0,2.20849979094232e-07,1.26808911410084e-07,-6.48925989345205e-08,-1.15398746777202e-08,3.90663399053445e-08,-3.54506623848286e-08,-2.56645835278263e-08,1.36238600616495e-08,-1.25792050322002e-08,-6.05422466029815e-07,3.0814769311886e-08,1.72002604718839e-08,-1.54602909674278e-07,4.36581009214891e-07,-6.73844199585911e-07,9.54036844920407e-07,-3.96584297505352e-07,0,0,0,0,0,0,0,0,0,0,0,0,0,0,0,0,0,0,0,0,0,0,0,0,0,0,0,0,6.07101779431875e-06,1.79436703591522e-05,0
"north_east_and_yorkshire","beta9",0,0,0,0,2.31445946183106e-08,-1.81046852515123e-07,1.24242268791268e-07,-9.24338706240241e-09,1.71225157630687e-09,-2.16388526802761e-08,3.90888932402045e-08,-6.0517834851602e-09,7.31243102449293e-09,1.71528432618631e-07,-3.43934123380917e-08,1.5645773730404e-08,2.67259776285134e-08,-1.29295875221639e-07,2.06023846409929e-07,-3.96584297505352e-07,3.62426591872758e-07,0,0,0,0,0,0,0,0,0,0,0,0,0,0,0,0,0,0,0,0,0,0,0,0,0,0,0,0,1.08448549453625e-05,5.09721097316231e-06,0
"north_east_and_yorkshire","seed_date_alpha",0,0,0,0,0.000109345794466259,-3.9169414883724e-05,5.62802088135524e-05,-1.39633330608107e-05,1.89029409551717e-05,6.74080645960485e-06,3.11960955117834e-05,1.07277604732256e-05,-5.84775519654685e-06,-0.00014791161953741,-7.4840861316147e-07,1.73463375692669e-06,-8.72483685277265e-06,1.9745073648659e-05,-8.87258665533169e-06,6.07101779431875e-06,1.08448549453625e-05,0,0,0,0,0,0,0,0,0,0,0,0,0,0,0,0,0,0,0,0,0,0,0,0,0,0,0,0,0.0620332120580307,0.0136834056547088,0
"north_east_and_yorkshire","start_date",0,0,0,0,0.000756770143083116,-1.42418742899276e-05,1.42324088027965e-05,-9.19404018343354e-07,-5.96851276333579e-06,4.3223133550085e-05,-1.57059335409424e-05,5.63654334125997e-06,-9.15442619920375e-06,-0.000389167286653257,1.4826042080303e-05,-5.77623434934036e-06,-9.21997420102052e-06,4.52237105910336e-05,-3.10236906840286e-05,1.79436703591522e-05,5.09721097316231e-06,0,0,0,0,0,0,0,0,0,0,0,0,0,0,0,0,0,0,0,0,0,0,0,0,0,0,0,0,0.0136834056547088,0.124472351740843,0
"north_west","beta1",0,0,0,0,2.58746610945526e-06,5.93880306775523e-08,-1.40871845722236e-07,2.24022283741188e-08,-1.39650822015376e-08,-4.84556058717652e-09,-4.50151468632248e-08,1.35083147435055e-10,8.85243749692372e-09,-3.36946615045677e-06,-5.53427934787779e-08,7.27158755762286e-08,-1.10336966712151e-07,2.0894769955198e-07,-2.42202144649837e-07,2.60950498654937e-07,-1.33219746790822e-07,0,0,0,0,0,0,0,0,0,0,0,0,0,0,0,0,0,0,0,0,0,0,0,0,0,0,0,0,-0.000102350013825002,0.000822647451252606,0
"north_west","beta10",0,0,0,0,5.93880306775523e-08,1.61502113589788e-07,-1.66435025359322e-07,2.09263197370925e-08,-6.68988561558759e-09,1.7117843286826e-08,2.82891418125363e-09,3.38524348628463e-09,-4.99685423025092e-09,-1.07491735410233e-07,-9.55512713538763e-09,9.07789914327315e-09,-2.20675432799692e-09,3.96131494877048e-09,-3.70452013962087e-08,1.14971893772958e-07,-1.77856700212777e-07,0,0,0,0,0,0,0,0,0,0,0,0,0,0,0,0,0,0,0,0,0,0,0,0,0,0,0,0,-2.66896612010867e-05,1.46243459701654e-05,0
"north_west","beta11",0,0,0,0,-1.40871845722236e-07,-1.66435025359322e-07,4.08953527214164e-07,-2.16081078026306e-07,1.17457517696519e-07,-1.02868628559681e-07,3.07940468345389e-08,1.34692905902267e-09,2.15256909715961e-09,1.14943242403127e-07,3.22901210885092e-08,-2.09175184929122e-08,1.40557766860985e-08,1.0711398611219e-08,7.40339427184975e-09,-5.02459146946782e-08,1.18912945015775e-07,0,0,0,0,0,0,0,0,0,0,0,0,0,0,0,0,0,0,0,0,0,0,0,0,0,0,0,0,6.13838440351302e-05,-4.63749830413776e-05,0
"north_west","beta12",0,0,0,0,2.24022283741188e-08,2.09263197370925e-08,-2.16081078026306e-07,2.86851023977938e-07,-2.32095841488579e-07,2.2996968922217e-07,-1.02043315089098e-07,2.12319941415246e-09,9.82376765221192e-10,3.18530348600389e-07,-1.92803523346076e-08,4.09360759405106e-09,9.05467177432545e-09,-2.73406979458638e-08,1.80830486485444e-08,-1.34368841746038e-08,9.8334072423965e-09,0,0,0,0,0,0,0,0,0,0,0,0,0,0,0,0,0,0,0,0,0,0,0,0,0,0,0,0,-1.40874405863685e-05,2.21243811442038e-05,0
"north_west","beta13",0,0,0,0,-1.39650822015376e-08,-6.68988561558759e-09,1.17457517696519e-07,-2.32095841488579e-07,2.73713333230958e-07,-3.50982133219835e-07,1.62259823068059e-07,-4.88075139922147e-10,-9.20812920768025e-11,-3.17024097291588e-07,1.57375105408414e-08,-4.28034839166642e-09,-4.45092064797254e-09,1.54853320799468e-08,-5.33852792017816e-09,9.12094137104982e-09,-5.37076447729551e-09,0,0,0,0,0,0,0,0,0,0,0,0,0,0,0,0,0,0,0,0,0,0,0,0,0,0,0,0,1.30746919747417e-05,-2.18134224371003e-05,0
"north_west","beta14",0,0,0,0,-4.84556058717652e-09,1.7117843286826e-08,-1.02868628559681e-07,2.2996968922217e-07,-3.50982133219835e-07,7.60685463269621e-07,-5.70537816802014e-07,2.22881436277679e-08,-6.94940896781735e-09,5.50489118817792e-07,-1.46479761945418e-08,1.77908671914597e-08,-1.51202930992718e-08,-1.35208362624033e-08,5.41820868373809e-09,9.47238349752609e-09,3.90676128134858e-09,0,0,0,0,0,0,0,0,0,0,0,0,0,0,0,0,0,0,0,0,0,0,0,0,0,0,0,0,-9.02089579868788e-06,2.66557236216536e-05,0
"north_west","beta15",0,0,0,0,-4.50151468632248e-08,2.82891418125363e-09,3.07940468345389e-08,-1.02043315089098e-07,1.62259823068059e-07,-5.70537816802014e-07,8.95318660194615e-07,-7.48421613496813e-08,5.57943080016245e-08,-1.17744945446171e-07,-4.14456471929643e-09,-2.04923201424449e-08,3.73558984580148e-08,-1.02091848335564e-08,2.41143820769841e-08,-5.72378132924397e-08,1.02357451898061e-08,0,0,0,0,0,0,0,0,0,0,0,0,0,0,0,0,0,0,0,0,0,0,0,0,0,0,0,0,4.48852230992474e-05,-2.87131099053715e-05,0
"north_west","beta16",0,0,0,0,1.35083147435055e-10,3.38524348628463e-09,1.34692905902267e-09,2.12319941415246e-09,-4.88075139922147e-10,2.22881436277679e-08,-7.48421613496813e-08,2.93277332242672e-08,-2.42762184631537e-08,3.62379830190703e-09,6.94194115053546e-09,-3.62983896374403e-09,7.53299119267944e-09,-1.29004194367234e-08,8.22963358048843e-09,6.49412946342629e-10,3.07258353946374e-09,0,0,0,0,0,0,0,0,0,0,0,0,0,0,0,0,0,0,0,0,0,0,0,0,0,0,0,0,6.80557985199463e-08,-2.255586957378e-07,0
"north_west","beta17",0,0,0,0,8.85243749692372e-09,-4.99685423025092e-09,2.15256909715961e-09,9.82376765221192e-10,-9.20812920768025e-11,-6.94940896781735e-09,5.57943080016245e-08,-2.42762184631537e-08,3.06537271198799e-08,1.1651487608671e-08,-6.81620012383407e-09,3.40358185027946e-09,-5.75944132457965e-09,1.4463537696526e-08,-1.18737723395735e-08,6.93117254614e-09,4.32254476935696e-09,0,0,0,0,0,0,0,0,0,0,0,0,0,0,0,0,0,0,0,0,0,0,0,0,0,0,0,0,8.00740499276651e-07,2.6665300460486e-06,0
"north_west","beta2",0,0,0,0,-3.36946615045677e-06,-1.07491735410233e-07,1.14943242403127e-07,3.18530348600389e-07,-3.17024097291588e-07,5.50489118817792e-07,-1.17744945446171e-07,3.62379830190703e-09,1.1651487608671e-08,1.63817403276732e-05,-7.75127323428411e-07,2.910464208e-07,-7.85710011437351e-08,-2.52850240869881e-07,2.99430469995051e-07,-2.31576916628585e-07,1.43165960257724e-07,0,0,0,0,0,0,0,0,0,0,0,0,0,0,0,0,0,0,0,0,0,0,0,0,0,0,0,0,0.000300740810215223,-0.000600323424574545,0
"north_west","beta3",0,0,0,0,-5.53427934787779e-08,-9.55512713538763e-09,3.22901210885092e-08,-1.92803523346076e-08,1.57375105408414e-08,-1.46479761945418e-08,-4.14456471929643e-09,6.94194115053546e-09,-6.81620012383407e-09,-7.75127323428411e-07,1.4114676332166e-07,-8.41744240939669e-08,6.4901520774519e-08,-4.51322789593681e-08,2.8768347826041e-08,-2.25290951698797e-08,1.22845856317025e-08,0,0,0,0,0,0,0,0,0,0,0,0,0,0,0,0,0,0,0,0,0,0,0,0,0,0,0,0,4.44830487817638e-06,-3.60047509608372e-05,0
"north_west","beta4",0,0,0,0,7.27158755762286e-08,9.07789914327315e-09,-2.09175184929122e-08,4.09360759405106e-09,-4.28034839166642e-09,1.77908671914597e-08,-2.04923201424449e-08,-3.62983896374403e-09,3.40358185027946e-09,2.910464208e-07,-8.41744240939669e-08,6.77516604548005e-08,-7.44902008505511e-08,6.119189177708e-08,-3.4201765711663e-08,1.81421434608041e-08,-9.84640906378393e-09,0,0,0,0,0,0,0,0,0,0,0,0,0,0,0,0,0,0,0,0,0,0,0,0,0,0,0,0,-5.26482031676952e-06,3.08283308394283e-05,0
"north_west","beta5",0,0,0,0,-1.10336966712151e-07,-2.20675432799692e-09,1.40557766860985e-08,9.05467177432545e-09,-4.45092064797254e-09,-1.51202930992718e-08,3.73558984580148e-08,7.53299119267944e-09,-5.75944132457965e-09,-7.85710011437351e-08,6.4901520774519e-08,-7.44902008505511e-08,1.58838303178789e-07,-1.94971649272279e-07,9.21875911145385e-08,-2.83507848759761e-08,4.62668328415872e-09,0,0,0,0,0,0,0,0,0,0,0,0,0,0,0,0,0,0,0,0,0,0,0,0,0,0,0,0,4.92878372633707e-06,-4.23540863772932e-05,0
"north_west","beta6",0,0,0,0,2.0894769955198e-07,3.96131494877048e-09,1.0711398611219e-08,-2.73406979458638e-08,1.54853320799468e-08,-1.35208362624033e-08,-1.02091848335564e-08,-1.29004194367234e-08,1.4463537696526e-08,-2.52850240869881e-07,-4.51322789593681e-08,6.119189177708e-08,-1.94971649272279e-07,4.01049641205419e-07,-3.00009409330051e-07,2.00749720256581e-07,-5.07517584127919e-08,0,0,0,0,0,0,0,0,0,0,0,0,0,0,0,0,0,0,0,0,0,0,0,0,0,0,0,0,-9.88631687370812e-06,6.36056958170726e-05,0
"north_west","beta7",0,0,0,0,-2.42202144649837e-07,-3.70452013962087e-08,7.40339427184975e-09,1.80830486485444e-08,-5.33852792017816e-09,5.41820868373809e-09,2.41143820769841e-08,8.22963358048843e-09,-1.18737723395735e-08,2.99430469995051e-07,2.8768347826041e-08,-3.4201765711663e-08,9.21875911145385e-08,-3.00009409330051e-07,4.13442739215915e-07,-4.61286360401387e-07,1.51708408189478e-07,0,0,0,0,0,0,0,0,0,0,0,0,0,0,0,0,0,0,0,0,0,0,0,0,0,0,0,0,1.68043187906926e-05,-7.59854465343655e-05,0
"north_west","beta8",0,0,0,0,2.60950498654937e-07,1.14971893772958e-07,-5.02459146946782e-08,-1.34368841746038e-08,9.12094137104982e-09,9.47238349752609e-09,-5.72378132924397e-08,6.49412946342629e-10,6.93117254614e-09,-2.31576916628585e-07,-2.25290951698797e-08,1.81421434608041e-08,-2.83507848759761e-08,2.00749720256581e-07,-4.61286360401387e-07,7.28692180973898e-07,-3.35286686695275e-07,0,0,0,0,0,0,0,0,0,0,0,0,0,0,0,0,0,0,0,0,0,0,0,0,0,0,0,0,-1.97125851221273e-05,8.3029674795985e-05,0
"north_west","beta9",0,0,0,0,-1.33219746790822e-07,-1.77856700212777e-07,1.18912945015775e-07,9.8334072423965e-09,-5.37076447729551e-09,3.90676128134858e-09,1.02357451898061e-08,3.07258353946374e-09,4.32254476935696e-09,1.43165960257724e-07,1.22845856317025e-08,-9.84640906378393e-09,4.62668328415872e-09,-5.07517584127919e-08,1.51708408189478e-07,-3.35286686695275e-07,3.303679707902e-07,0,0,0,0,0,0,0,0,0,0,0,0,0,0,0,0,0,0,0,0,0,0,0,0,0,0,0,0,1.4105744112126e-05,-4.40599261008391e-05,0
"north_west","seed_date_alpha",0,0,0,0,-0.000102350013825002,-2.66896612010867e-05,6.13838440351302e-05,-1.40874405863685e-05,1.30746919747417e-05,-9.02089579868788e-06,4.48852230992474e-05,6.80557985199463e-08,8.00740499276651e-07,0.000300740810215223,4.44830487817638e-06,-5.26482031676952e-06,4.92878372633707e-06,-9.88631687370812e-06,1.68043187906926e-05,-1.97125851221273e-05,1.4105744112126e-05,0,0,0,0,0,0,0,0,0,0,0,0,0,0,0,0,0,0,0,0,0,0,0,0,0,0,0,0,0.054679438218677,-0.0247498114419317,0
"north_west","start_date",0,0,0,0,0.000822647451252606,1.46243459701654e-05,-4.63749830413776e-05,2.21243811442038e-05,-2.18134224371003e-05,2.66557236216536e-05,-2.87131099053715e-05,-2.255586957378e-07,2.6665300460486e-06,-0.000600323424574545,-3.60047509608372e-05,3.08283308394283e-05,-4.23540863772932e-05,6.36056958170726e-05,-7.59854465343655e-05,8.3029674795985e-05,-4.40599261008391e-05,0,0,0,0,0,0,0,0,0,0,0,0,0,0,0,0,0,0,0,0,0,0,0,0,0,0,0,0,-0.0247498114419317,0.285756943764807,0
"south_east","beta1",0,0,0,0,1.31664640289616e-06,-6.657051490259e-08,-2.05372508264728e-07,1.31370712351219e-07,-9.40201226731308e-08,8.68690592390298e-08,-3.59527575906716e-08,2.4283347995424e-09,1.82878276730265e-08,-1.91068142280633e-06,6.57007208889901e-08,-3.38306425379066e-08,-1.877504754878e-08,-8.70959797799545e-08,3.39506590011638e-07,-3.88741200782247e-07,1.61134118321467e-07,0,0,0,0,0,0,0,0,0,0,0,0,0,0,0,0,0,0,0,0,0,0,0,0,0,0,0,0,-8.33849596827128e-05,0.000734400096369645,0
"south_east","beta10",0,0,0,0,-6.657051490259e-08,8.38567980822793e-07,-7.41647501045404e-07,1.25654629130761e-07,-3.43372174757713e-08,2.35531856169851e-09,3.01337088154935e-08,-7.23749643718808e-09,1.63953147532184e-08,2.66798298957297e-07,-3.59435157467542e-08,1.38319971628979e-08,2.43006319325798e-09,7.43251542258779e-08,-1.65008504711259e-07,3.32395371265765e-07,-7.50104849223172e-07,0,0,0,0,0,0,0,0,0,0,0,0,0,0,0,0,0,0,0,0,0,0,0,0,0,0,0,0,7.97370467840396e-05,-3.05642819565661e-05,0
"south_east","beta11",0,0,0,0,-2.05372508264728e-07,-7.41647501045404e-07,1.35286454080753e-06,-5.34015733349715e-07,2.24963779359859e-07,-1.20847874755799e-07,4.76702228929341e-08,-1.00216874384951e-08,1.09573165481091e-08,-1.99074621286113e-07,9.24003807831388e-08,-5.80060170843551e-08,7.38758886919878e-08,-8.06902058956001e-08,3.85457566033405e-08,-8.88590288917019e-08,4.47839601787521e-07,0,0,0,0,0,0,0,0,0,0,0,0,0,0,0,0,0,0,0,0,0,0,0,0,0,0,0,0,4.32723739679234e-05,-0.000139919361370405,0
"south_east","beta12",0,0,0,0,1.31370712351219e-07,1.25654629130761e-07,-5.34015733349715e-07,4.35313190879556e-07,-2.54697356197074e-07,2.21037354919242e-07,-8.65378295629648e-08,1.18565403736795e-09,1.38595181261629e-10,1.72417649612707e-07,-6.79863040684606e-08,4.82759736236731e-08,-5.40564880556427e-08,1.90499114871517e-08,3.91934918626902e-08,-7.98965278636821e-08,1.60100118169449e-10,0,0,0,0,0,0,0,0,0,0,0,0,0,0,0,0,0,0,0,0,0,0,0,0,0,0,0,0,-2.10589978081098e-05,9.41206033734076e-05,0
"south_east","beta13",0,0,0,0,-9.40201226731308e-08,-3.43372174757713e-08,2.24963779359859e-07,-2.54697356197074e-07,2.4127497882485e-07,-2.50873229597591e-07,1.07763910308744e-07,-1.61109973444994e-10,3.96730384309227e-10,-1.43220688968894e-07,4.71951280051912e-08,-2.99907347409135e-08,3.08490798953947e-08,2.23146635856552e-09,-4.14431346611792e-08,8.44732918755765e-08,-4.60561006527874e-08,0,0,0,0,0,0,0,0,0,0,0,0,0,0,0,0,0,0,0,0,0,0,0,0,0,0,0,0,3.76703494125775e-05,-6.75852096632559e-05,0
"south_east","beta14",0,0,0,0,8.68690592390298e-08,2.35531856169851e-09,-1.20847874755799e-07,2.21037354919242e-07,-2.50873229597591e-07,4.60718531832038e-07,-3.13620837939288e-07,1.74513161111415e-08,-6.0401298834405e-09,2.56636427322583e-07,-4.10773245278782e-08,2.22720783039373e-08,-1.89499010013627e-08,1.30515298195246e-08,8.94328433590416e-10,-4.20822138684083e-08,6.10053348158495e-08,0,0,0,0,0,0,0,0,0,0,0,0,0,0,0,0,0,0,0,0,0,0,0,0,0,0,0,0,-6.81682541679806e-06,6.88091272618802e-05,0
"south_east","beta15",0,0,0,0,-3.59527575906716e-08,3.01337088154935e-08,4.76702228929341e-08,-8.65378295629648e-08,1.07763910308744e-07,-3.13620837939288e-07,3.72988230790923e-07,-4.82036157957204e-08,3.62882207583993e-08,-2.27667728045483e-07,1.23655509132684e-08,-3.18428372962199e-09,7.48006640844097e-09,-2.31618002471259e-08,2.29347166504636e-08,1.0736473218132e-08,-6.98095691260447e-08,0,0,0,0,0,0,0,0,0,0,0,0,0,0,0,0,0,0,0,0,0,0,0,0,0,0,0,0,1.42868713871855e-05,-3.81419152080534e-05,0
"south_east","beta16",0,0,0,0,2.4283347995424e-09,-7.23749643718808e-09,-1.00216874384951e-08,1.18565403736795e-09,-1.61109973444994e-10,1.74513161111415e-08,-4.82036157957204e-08,1.79154359505409e-08,-1.94727933285992e-08,6.43872959693844e-08,-6.5645966038957e-09,2.8598132562971e-10,1.9189265034804e-10,8.45002308673735e-09,-1.88443439831121e-09,-1.58245685257554e-08,2.44472400092628e-08,0,0,0,0,0,0,0,0,0,0,0,0,0,0,0,0,0,0,0,0,0,0,0,0,0,0,0,0,-4.60330756744384e-06,4.35832306968112e-06,0
"south_east","beta17",0,0,0,0,1.82878276730265e-08,1.63953147532184e-08,1.09573165481091e-08,1.38595181261629e-10,3.96730384309227e-10,-6.0401298834405e-09,3.62882207583993e-08,-1.94727933285992e-08,3.24216865408307e-08,-9.71002274652876e-08,7.86432206740047e-09,1.96906248041929e-09,-8.06270949073014e-09,-6.30593913239315e-09,6.10471136807504e-09,2.10636584252585e-08,-3.68717727623566e-08,0,0,0,0,0,0,0,0,0,0,0,0,0,0,0,0,0,0,0,0,0,0,0,0,0,0,0,0,8.5217115223936e-06,5.83527943369975e-06,0
"south_east","beta2",0,0,0,0,-1.91068142280633e-06,2.66798298957297e-07,-1.99074621286113e-07,1.72417649612707e-07,-1.43220688968894e-07,2.56636427322583e-07,-2.27667728045483e-07,6.43872959693844e-08,-9.71002274652876e-08,1.00954312498957e-05,-9.44523998691803e-07,4.2607398039115e-07,-3.45595577721079e-07,5.80887350216742e-07,-7.89935436270264e-07,6.79896765621671e-07,-1.83337373559534e-07,0,0,0,0,0,0,0,0,0,0,0,0,0,0,0,0,0,0,0,0,0,0,0,0,0,0,0,0,9.4455305616176e-05,-0.000710467680499865,0
"south_east","beta3",0,0,0,0,6.57007208889901e-08,-3.59435157467542e-08,9.24003807831388e-08,-6.79863040684606e-08,4.71951280051912e-08,-4.10773245278782e-08,1.23655509132684e-08,-6.5645966038957e-09,7.86432206740047e-09,-9.44523998691803e-07,1.91767748999494e-07,-1.11124617692874e-07,9.87553332383456e-08,-7.67422004058158e-08,4.39370984348461e-08,-2.04618318168402e-08,-1.2827930395617e-09,0,0,0,0,0,0,0,0,0,0,0,0,0,0,0,0,0,0,0,0,0,0,0,0,0,0,0,0,4.9106145349404e-06,1.8967961718642e-05,0
"south_east","beta4",0,0,0,0,-3.38306425379066e-08,1.38319971628979e-08,-5.80060170843551e-08,4.82759736236731e-08,-2.99907347409135e-08,2.22720783039373e-08,-3.18428372962199e-09,2.8598132562971e-10,1.96906248041929e-09,4.2607398039115e-07,-1.11124617692874e-07,9.20936878775179e-08,-1.19571707096432e-07,7.72004082391206e-08,-2.28223149371993e-08,7.57755983315403e-09,1.35098853613069e-09,0,0,0,0,0,0,0,0,0,0,0,0,0,0,0,0,0,0,0,0,0,0,0,0,0,0,0,0,-5.29167703878803e-06,-1.24552167171792e-05,0
"south_east","beta5",0,0,0,0,-1.877504754878e-08,2.43006319325798e-09,7.38758886919878e-08,-5.40564880556427e-08,3.08490798953947e-08,-1.89499010013627e-08,7.48006640844097e-09,1.9189265034804e-10,-8.06270949073014e-09,-3.45595577721079e-07,9.87553332383456e-08,-1.19571707096432e-07,2.68845105951359e-07,-2.34328408866518e-07,6.06835193843564e-08,-2.63194184421161e-08,-6.53681315711952e-09,0,0,0,0,0,0,0,0,0,0,0,0,0,0,0,0,0,0,0,0,0,0,0,0,0,0,0,0,1.75025585635363e-05,-2.59464878603992e-05,0
"south_east","beta6",0,0,0,0,-8.70959797799545e-08,7.43251542258779e-08,-8.06902058956001e-08,1.90499114871517e-08,2.23146635856552e-09,1.30515298195246e-08,-2.31618002471259e-08,8.45002308673735e-09,-6.30593913239315e-09,5.80887350216742e-07,-7.67422004058158e-08,7.72004082391206e-08,-2.34328408866518e-07,4.50357252068023e-07,-4.089953353241e-07,3.70948229411843e-07,-1.33034050871412e-07,0,0,0,0,0,0,0,0,0,0,0,0,0,0,0,0,0,0,0,0,0,0,0,0,0,0,0,0,9.0661533320551e-06,-2.78064641983793e-05,0
"south_east","beta7",0,0,0,0,3.39506590011638e-07,-1.65008504711259e-07,3.85457566033405e-08,3.91934918626902e-08,-4.14431346611792e-08,8.94328433590416e-10,2.29347166504636e-08,-1.88443439831121e-09,6.10471136807504e-09,-7.89935436270264e-07,4.39370984348461e-08,-2.28223149371993e-08,6.06835193843564e-08,-4.089953353241e-07,7.40999883494274e-07,-8.71540424009641e-07,3.41275947335184e-07,0,0,0,0,0,0,0,0,0,0,0,0,0,0,0,0,0,0,0,0,0,0,0,0,0,0,0,0,-5.17778199929609e-05,0.000175359999760786,0
"south_east","beta8",0,0,0,0,-3.88741200782247e-07,3.32395371265765e-07,-8.88590288917019e-08,-7.98965278636821e-08,8.44732918755765e-08,-4.20822138684083e-08,1.0736473218132e-08,-1.58245685257554e-08,2.10636584252585e-08,6.79896765621671e-07,-2.04618318168402e-08,7.57755983315403e-09,-2.63194184421161e-08,3.70948229411843e-07,-8.71540424009641e-07,1.42615370736731e-06,-8.49671426512589e-07,0,0,0,0,0,0,0,0,0,0,0,0,0,0,0,0,0,0,0,0,0,0,0,0,0,0,0,0,8.8195649968223e-05,-0.000213626608484798,0
"south_east","beta9",0,0,0,0,1.61134118321467e-07,-7.50104849223172e-07,4.47839601787521e-07,1.60100118169449e-10,-4.60561006527874e-08,6.10053348158495e-08,-6.98095691260447e-08,2.44472400092628e-08,-3.68717727623566e-08,-1.83337373559534e-07,-1.2827930395617e-09,1.35098853613069e-09,-6.53681315711952e-09,-1.33034050871412e-07,3.41275947335184e-07,-8.49671426512589e-07,1.12153170825172e-06,0,0,0,0,0,0,0,0,0,0,0,0,0,0,0,0,0,0,0,0,0,0,0,0,0,0,0,0,-0.00012642353301072,8.90895374642198e-05,0
"south_east","seed_date_alpha",0,0,0,0,-8.33849596827128e-05,7.97370467840396e-05,4.32723739679234e-05,-2.10589978081098e-05,3.76703494125775e-05,-6.81682541679806e-06,1.42868713871855e-05,-4.60330756744384e-06,8.5217115223936e-06,9.4455305616176e-05,4.9106145349404e-06,-5.29167703878803e-06,1.75025585635363e-05,9.0661533320551e-06,-5.17778199929609e-05,8.8195649968223e-05,-0.00012642353301072,0,0,0,0,0,0,0,0,0,0,0,0,0,0,0,0,0,0,0,0,0,0,0,0,0,0,0,0,0.0651123458732768,-0.0449433022774932,0
"south_east","start_date",0,0,0,0,0.000734400096369645,-3.05642819565661e-05,-0.000139919361370405,9.41206033734076e-05,-6.75852096632559e-05,6.88091272618802e-05,-3.81419152080534e-05,4.35832306968112e-06,5.83527943369975e-06,-0.000710467680499865,1.8967961718642e-05,-1.24552167171792e-05,-2.59464878603992e-05,-2.78064641983793e-05,0.000175359999760786,-0.000213626608484798,8.90895374642198e-05,0,0,0,0,0,0,0,0,0,0,0,0,0,0,0,0,0,0,0,0,0,0,0,0,0,0,0,0,-0.0449433022774932,0.437672383141045,0
"south_west","beta1",0,0,0,0,3.64941528001648e-06,5.61446463593148e-08,-1.31642183940837e-07,1.12525691145749e-07,-6.60745581044191e-08,2.31702460740917e-09,2.43829642871987e-08,-6.12173786660409e-10,2.41967093424014e-09,-4.33433502660574e-06,2.27882568494096e-07,-6.15139490723314e-08,-3.2297682616292e-08,2.27555003463049e-08,-3.66106889704394e-08,-8.92263183751575e-09,7.65175006480965e-08,0,0,0,0,0,0,0,0,0,0,0,0,0,0,0,0,0,0,0,0,0,0,0,0,0,0,0,0,-9.93324883635192e-06,0.00144125340056692,0
"south_west","beta10",0,0,0,0,5.61446463593148e-08,8.55693123145255e-07,-7.78369005589179e-07,1.29677324921141e-07,-1.39203952716421e-08,2.94905689650244e-08,-2.39143699335489e-09,1.63999241039133e-08,-1.84377937848256e-08,-1.56564905485292e-07,-5.59292979334552e-08,6.07150921813416e-08,-4.81552239067027e-08,-8.83870337652735e-08,7.14175997942735e-08,2.99058745722827e-07,-9.63913635967898e-07,0,0,0,0,0,0,0,0,0,0,0,0,0,0,0,0,0,0,0,0,0,0,0,0,0,0,0,0,-0.000101411618442034,6.42618850648318e-06,0
"south_west","beta11",0,0,0,0,-1.31642183940837e-07,-7.78369005589179e-07,1.23452443663141e-06,-4.66509697074319e-07,1.68899623643861e-07,-1.0348704213418e-07,-1.99488384811591e-08,1.56161918282757e-09,9.35327066342427e-10,4.01835350077441e-07,6.62859670465447e-08,-9.77589728423567e-08,1.28588338624375e-07,6.23951784976725e-08,-9.07414975824789e-08,-2.20440442210011e-07,7.07731355641571e-07,0,0,0,0,0,0,0,0,0,0,0,0,0,0,0,0,0,0,0,0,0,0,0,0,0,0,0,0,0.000118955278573803,-3.38309129816454e-05,0
"south_west","beta12",0,0,0,0,1.12525691145749e-07,1.29677324921141e-07,-4.66509697074319e-07,4.67323106992212e-07,-3.10360290408817e-07,2.96690722117056e-07,-1.08438392398701e-07,-3.91367794758817e-09,7.42211583031282e-09,-2.06730605439261e-07,-1.6018055968724e-08,4.47827408335522e-08,-8.90653746055029e-08,4.9398614475664e-08,-7.19075987604912e-09,5.89108026667369e-08,-1.28816923893454e-07,0,0,0,0,0,0,0,0,0,0,0,0,0,0,0,0,0,0,0,0,0,0,0,0,0,0,0,0,6.29972287689983e-06,4.32757573644869e-05,0
"south_west","beta13",0,0,0,0,-6.60745581044191e-08,-1.39203952716421e-08,1.68899623643861e-07,-3.10360290408817e-07,3.40410416053922e-07,-4.29417466572694e-07,2.41352938143636e-07,-5.3557403763275e-10,3.570582765183e-09,5.788570712332e-08,-4.63983846654887e-09,-1.98653092305007e-08,4.73707604060635e-08,-4.08916016957199e-08,1.96831308695353e-09,1.38185100940168e-08,1.42399491184935e-08,0,0,0,0,0,0,0,0,0,0,0,0,0,0,0,0,0,0,0,0,0,0,0,0,0,0,0,0,3.34592795758131e-05,-3.50250203304759e-05,0
"south_west","beta14",0,0,0,0,2.31702460740917e-09,2.94905689650244e-08,-1.0348704213418e-07,2.96690722117056e-07,-4.29417466572694e-07,9.86661185237141e-07,-7.38007411729084e-07,3.4357901740153e-08,-2.60204268823939e-08,2.94705880351631e-07,1.11499473787021e-08,1.21022955710555e-08,-8.79761233831572e-08,1.44024564759364e-07,-2.31086001860575e-08,-7.42622269033951e-08,1.34234153189277e-08,0,0,0,0,0,0,0,0,0,0,0,0,0,0,0,0,0,0,0,0,0,0,0,0,0,0,0,0,3.01784266511205e-05,2.8596180046202e-05,0
"south_west","beta15",0,0,0,0,2.43829642871987e-08,-2.39143699335489e-09,-1.99488384811591e-08,-1.08438392398701e-07,2.41352938143636e-07,-7.38007411729084e-07,1.09604984830736e-06,-8.16027143614653e-08,7.1261856003496e-08,-2.27016036949958e-07,-1.91924441410056e-08,1.45688411948464e-08,5.9459057221209e-08,-1.497034684356e-07,4.20683080496185e-09,9.44710166766363e-08,-2.61169174671279e-08,0,0,0,0,0,0,0,0,0,0,0,0,0,0,0,0,0,0,0,0,0,0,0,0,0,0,0,0,8.75153526170269e-05,-1.5887134713429e-06,0
"south_west","beta16",0,0,0,0,-6.12173786660409e-10,1.63999241039133e-08,1.56161918282757e-09,-3.91367794758817e-09,-5.3557403763275e-10,3.4357901740153e-08,-8.16027143614653e-08,2.64074930992394e-08,-2.84020964613214e-08,4.76038263647603e-08,1.51527866632707e-09,-5.12340308661889e-09,4.00331290658377e-09,4.81656864563018e-09,-5.32642469163449e-09,9.39307451161907e-09,-2.10400063836562e-08,0,0,0,0,0,0,0,0,0,0,0,0,0,0,0,0,0,0,0,0,0,0,0,0,0,0,0,0,5.06639649991922e-06,1.23868894629414e-06,0
"south_west","beta17",0,0,0,0,2.41967093424014e-09,-1.84377937848256e-08,9.35327066342427e-10,7.42211583031282e-09,3.570582765183e-09,-2.60204268823939e-08,7.1261856003496e-08,-2.84020964613214e-08,4.38691328032114e-08,-4.15130019816998e-08,-7.53073895827321e-09,1.04387812048735e-08,-1.28756435064842e-08,-6.44111038692355e-09,1.7820329511064e-08,-1.15766884849262e-08,1.61761981496873e-08,0,0,0,0,0,0,0,0,0,0,0,0,0,0,0,0,0,0,0,0,0,0,0,0,0,0,0,0,4.42095195122719e-06,-1.90800859160935e-06,0
"south_west","beta2",0,0,0,0,-4.33433502660574e-06,-1.56564905485292e-07,4.01835350077441e-07,-2.06730605439261e-07,5.788570712332e-08,2.94705880351631e-07,-2.27016036949958e-07,4.76038263647603e-08,-4.15130019816998e-08,1.4923871766004e-05,-8.7443845384079e-07,2.39425880182781e-07,-1.44574849065907e-07,2.82129096330736e-07,-1.34293679994946e-07,-1.33743819109074e-08,1.13617859639517e-07,0,0,0,0,0,0,0,0,0,0,0,0,0,0,0,0,0,0,0,0,0,0,0,0,0,0,0,0,0.000106326237752499,-0.00121640552439129,0
"south_west","beta3",0,0,0,0,2.27882568494096e-07,-5.59292979334552e-08,6.62859670465447e-08,-1.6018055968724e-08,-4.63983846654887e-09,1.11499473787021e-08,-1.91924441410056e-08,1.51527866632707e-09,-7.53073895827321e-09,-8.7443845384079e-07,2.3417196643006e-07,-1.59906961621831e-07,1.65457462528794e-07,-1.23563084902917e-07,4.96246167777214e-08,-4.44433156109569e-08,6.26652700822769e-08,0,0,0,0,0,0,0,0,0,0,0,0,0,0,0,0,0,0,0,0,0,0,0,0,0,0,0,0,4.02352839188961e-06,9.67286096705763e-05,0
"south_west","beta4",0,0,0,0,-6.15139490723314e-08,6.07150921813416e-08,-9.77589728423567e-08,4.47827408335522e-08,-1.98653092305007e-08,1.21022955710555e-08,1.45688411948464e-08,-5.12340308661889e-09,1.04387812048735e-08,2.39425880182781e-07,-1.59906961621831e-07,1.69655885307317e-07,-2.26898968522952e-07,1.66128114181119e-07,-5.0934117125411e-08,2.52118840716277e-08,-6.3241522051826e-08,0,0,0,0,0,0,0,0,0,0,0,0,0,0,0,0,0,0,0,0,0,0,0,0,0,0,0,0,-8.31642034782413e-06,-3.44185368016428e-05,0
"south_west","beta5",0,0,0,0,-3.2297682616292e-08,-4.81552239067027e-08,1.28588338624375e-07,-8.90653746055029e-08,4.73707604060635e-08,-8.79761233831572e-08,5.9459057221209e-08,4.00331290658377e-09,-1.28756435064842e-08,-1.44574849065907e-07,1.65457462528794e-07,-2.26898968522952e-07,4.95896025235118e-07,-5.69393214561526e-07,2.05848421847333e-07,-6.58507420113306e-08,2.87269038981537e-08,0,0,0,0,0,0,0,0,0,0,0,0,0,0,0,0,0,0,0,0,0,0,0,0,0,0,0,0,-4.39493577431085e-06,-9.30792661509395e-06,0
"south_west","beta6",0,0,0,0,2.27555003463049e-08,-8.83870337652735e-08,6.23951784976725e-08,4.9398614475664e-08,-4.08916016957199e-08,1.44024564759364e-07,-1.497034684356e-07,4.81656864563018e-09,-6.44111038692355e-09,2.82129096330736e-07,-1.23563084902917e-07,1.66128114181119e-07,-5.69393214561526e-07,1.11709276464593e-06,-7.0955142950002e-07,3.54434854860014e-07,3.20382009339152e-08,0,0,0,0,0,0,0,0,0,0,0,0,0,0,0,0,0,0,0,0,0,0,0,0,0,0,0,0,3.97323933254053e-05,1.82553016913277e-05,0
"south_west","beta7",0,0,0,0,-3.66106889704394e-08,7.14175997942735e-08,-9.07414975824789e-08,-7.19075987604912e-09,1.96831308695353e-09,-2.31086001860575e-08,4.20683080496185e-09,-5.32642469163449e-09,1.7820329511064e-08,-1.34293679994946e-07,4.96246167777214e-08,-5.0934117125411e-08,2.05848421847333e-07,-7.0955142950002e-07,8.88516114735652e-07,-8.39466008010728e-07,1.67618022275964e-07,0,0,0,0,0,0,0,0,0,0,0,0,0,0,0,0,0,0,0,0,0,0,0,0,0,0,0,0,-3.83977913984078e-05,-1.86797538041731e-05,0
"south_west","beta8",0,0,0,0,-8.92263183751575e-09,2.99058745722827e-07,-2.20440442210011e-07,5.89108026667369e-08,1.38185100940168e-08,-7.42622269033951e-08,9.44710166766363e-08,9.39307451161907e-09,-1.15766884849262e-08,-1.33743819109074e-08,-4.44433156109569e-08,2.52118840716277e-08,-6.58507420113306e-08,3.54434854860014e-07,-8.39466008010728e-07,1.49025089899118e-06,-1.01802024682171e-06,0,0,0,0,0,0,0,0,0,0,0,0,0,0,0,0,0,0,0,0,0,0,0,0,0,0,0,0,-6.7188109394844e-06,-2.24034815978922e-05,0
"south_west","beta9",0,0,0,0,7.65175006480965e-08,-9.63913635967898e-07,7.07731355641571e-07,-1.28816923893454e-07,1.42399491184935e-08,1.34234153189277e-08,-2.61169174671279e-08,-2.10400063836562e-08,1.61761981496873e-08,1.13617859639517e-07,6.26652700822769e-08,-6.3241522051826e-08,2.87269038981537e-08,3.20382009339152e-08,1.67618022275964e-07,-1.01802024682171e-06,1.70722624260344e-06,0,0,0,0,0,0,0,0,0,0,0,0,0,0,0,0,0,0,0,0,0,0,0,0,0,0,0,0,8.55617823544974e-05,5.43502454426037e-05,0
"south_west","seed_date_alpha",0,0,0,0,-9.93324883635192e-06,-0.000101411618442034,0.000118955278573803,6.29972287689983e-06,3.34592795758131e-05,3.01784266511205e-05,8.75153526170269e-05,5.06639649991922e-06,4.42095195122719e-06,0.000106326237752499,4.02352839188961e-06,-8.31642034782413e-06,-4.39493577431085e-06,3.97323933254053e-05,-3.83977913984078e-05,-6.7188109394844e-06,8.55617823544974e-05,0,0,0,0,0,0,0,0,0,0,0,0,0,0,0,0,0,0,0,0,0,0,0,0,0,0,0,0,0.131312315559015,0.00334739132713847,0
"south_west","start_date",0,0,0,0,0.00144125340056692,6.42618850648318e-06,-3.38309129816454e-05,4.32757573644869e-05,-3.50250203304759e-05,2.8596180046202e-05,-1.5887134713429e-06,1.23868894629414e-06,-1.90800859160935e-06,-0.00121640552439129,9.67286096705763e-05,-3.44185368016428e-05,-9.30792661509395e-06,1.82553016913277e-05,-1.86797538041731e-05,-2.24034815978922e-05,5.43502454426037e-05,0,0,0,0,0,0,0,0,0,0,0,0,0,0,0,0,0,0,0,0,0,0,0,0,0,0,0,0,0.00334739132713847,0.608665837162259,0
